Job_Title,Average_Salary,Years_Experience,Education_Level,AI_Exposure_Index,Tech_Growth_Factor,Automation_Probability_2030,Risk_Category,Skill_1,Skill_2,Skill_3,Skill_4,Skill_5,Skill_6,Skill_7,Skill_8,Skill_9,Skill_10
Software Engineer,136530,13,PhD,0.39,0.68,0.6,Medium,0.43,0.21,0.57,0.03,0.84,0.45,0.4,0.93,0.73,0.33
AI Engineer,92592,11,Master's,0.29,0.51,0.1,Low,0.71,0.79,0.61,0.93,0.65,0.91,0.85,0.45,0.1,0.37
UX Researcher,82733,6,High School,0.5,0.8,0.41,Medium,0.04,0.61,0.5,0.05,0.28,0.91,0.24,0.14,0.49,0.99
Data Scientist,115981,9,High School,0.26,1.16,0.63,Medium,0.56,0.53,0.24,0.09,0.9,0.9,0.63,0.34,0.35,0.73
AI Engineer,43403,1,High School,0.09,1.08,0.06,Low,0.47,0.54,0.29,0.59,0.03,0.04,0.82,0.36,0.13,0.52
AI Engineer,125435,15,PhD,0.1,0.99,0.17,Low,0.17,0.43,0.4,0.62,0.64,0.05,0.37,0.63,0.5,0.86
Software Engineer,39540,12,High School,0.16,0.57,0.56,Medium,0.03,0.59,0.94,0.58,0.39,0.64,0.46,0.55,0.94,0.39
Data Scientist,97067,12,High School,0.87,0.85,0.46,Medium,0.1,0.74,0.18,0.56,0.84,0.09,0.54,0.23,0.34,0.47
UX Researcher,39111,5,Bachelor's,0.4,1.47,0.65,Medium,0.82,0.26,0.17,0.67,0.93,0.56,0.57,0.28,0.77,0.19
AI Engineer,97444,23,High School,0.99,0.71,0.14,Low,0.93,0.72,0.05,0.78,0.83,0.75,0.8,0.83,0.19,0.24
AI Engineer,30077,25,High School,0.91,0.82,0.2,Low,0.68,0.45,0.71,0.9,0.62,0.54,0.44,0.58,0.36,0.39
UX Researcher,148721,13,High School,0.07,0.73,0.52,Medium,0.43,0.33,0.73,0.69,0.17,0.88,0.5,0.74,0.57,1.0
Data Scientist,50103,4,Master's,0.49,0.91,0.61,Medium,0.01,0.6,0.57,0.72,0.6,0.83,0.96,0.34,0.23,0.42
UX Researcher,119106,17,Master's,0.29,1.21,0.51,Medium,0.53,0.48,0.5,0.77,0.1,0.33,0.08,0.75,0.27,0.9
UX Researcher,82603,0,High School,0.03,0.66,0.59,Medium,0.66,0.03,0.22,0.23,0.67,0.02,0.1,0.8,0.18,0.65
AI Engineer,108411,22,PhD,0.11,0.64,0.12,Low,0.27,0.73,0.25,0.63,0.49,0.57,0.84,0.4,0.77,0.42
Data Scientist,124613,4,High School,0.48,0.77,0.52,Medium,0.16,0.84,0.85,0.96,0.15,0.62,0.47,0.34,0.35,0.41
Data Scientist,85619,17,Bachelor's,0.23,0.54,0.31,Medium,0.99,0.43,0.38,0.68,0.22,0.95,0.79,0.09,0.42,0.88
Software Engineer,136506,29,PhD,0.61,0.67,0.7,Medium,0.23,0.94,0.65,0.61,0.51,0.23,0.18,0.22,0.19,0.78
AI Engineer,78787,0,Master's,0.56,0.51,0.13,Low,0.52,0.09,0.35,0.03,0.08,0.4,0.13,0.57,0.69,0.8
UX Researcher,49975,3,High School,0.91,0.68,0.4,Medium,0.97,0.18,0.85,0.49,0.25,0.87,0.45,0.51,0.36,0.59
AI Engineer,55611,9,High School,0.4,0.98,0.22,Low,0.02,0.32,0.97,0.58,0.25,0.52,0.34,0.53,0.13,0.13
UX Researcher,72668,9,High School,0.11,0.5,0.56,Medium,0.52,0.59,0.79,0.65,0.17,0.36,0.91,0.77,0.56,0.26
Data Scientist,140641,23,Master's,0.82,0.92,0.57,Medium,0.1,0.62,0.45,0.59,0.17,0.74,0.86,0.22,0.1,0.02
Data Scientist,92438,23,Bachelor's,0.13,0.6,0.59,Medium,0.58,0.27,0.08,0.09,0.89,0.19,0.32,0.23,0.35,0.07
Software Engineer,70461,8,High School,0.32,0.52,0.36,Medium,0.22,0.96,0.57,0.93,0.58,0.48,0.31,0.61,0.14,0.9
Data Scientist,91063,7,Master's,0.62,0.88,0.38,Medium,0.12,0.62,0.77,0.64,0.53,0.04,0.97,0.8,0.29,0.98
Data Scientist,49715,29,Master's,0.73,1.0,0.47,Medium,0.73,0.77,0.16,0.61,0.14,0.75,0.66,0.96,0.07,0.06
AI Engineer,91944,28,Bachelor's,0.64,1.18,0.08,Low,0.23,0.79,0.97,0.26,0.27,0.47,0.98,0.27,0.41,0.89
UX Researcher,123547,1,High School,0.38,0.95,0.53,Medium,0.76,0.1,0.89,0.01,0.37,0.03,0.39,0.53,0.51,0.17
AI Engineer,111926,3,Bachelor's,0.04,1.26,0.29,Low,0.34,0.52,0.38,0.01,0.39,0.79,0.6,0.1,0.85,0.53
AI Engineer,78511,3,High School,0.41,0.57,0.14,Low,0.11,0.81,0.95,0.07,0.96,0.52,0.3,0.08,0.5,0.79
AI Engineer,136127,5,Master's,0.05,0.57,0.15,Low,0.3,0.23,0.28,0.8,0.93,0.41,0.91,0.32,0.48,0.23
UX Researcher,62402,8,Master's,0.84,0.81,0.62,Medium,0.89,0.43,0.91,0.38,0.96,0.09,0.69,0.49,0.39,0.63
UX Researcher,85668,3,Master's,0.55,1.38,0.57,Medium,0.55,0.83,0.61,0.29,0.21,0.15,0.9,0.71,0.94,0.6
Software Engineer,82428,14,Bachelor's,0.06,1.17,0.53,Medium,0.99,0.24,0.53,0.65,0.64,0.56,0.78,0.2,0.73,0.62
Data Scientist,107240,25,Bachelor's,0.85,0.82,0.41,Medium,0.98,0.53,0.91,0.16,0.64,0.81,0.95,0.34,0.72,0.54
UX Researcher,120270,8,Master's,0.69,1.19,0.67,Medium,0.5,0.23,0.04,0.42,0.3,0.76,0.35,0.95,0.96,0.62
AI Engineer,74605,21,Master's,0.76,1.05,0.1,Low,0.46,0.56,0.86,0.48,0.9,0.67,0.14,0.99,0.53,0.39
UX Researcher,140059,5,Bachelor's,0.11,1.14,0.5,Medium,0.41,0.95,0.52,0.22,0.46,0.92,0.18,0.21,0.01,0.01
Software Engineer,138125,2,Bachelor's,0.06,0.94,0.41,Medium,0.62,0.99,0.39,0.57,0.42,0.85,0.9,0.88,0.97,0.03
UX Researcher,50954,3,Master's,0.3,1.38,0.48,Medium,0.1,0.83,0.05,0.73,0.77,0.35,0.82,0.52,0.46,0.05
Software Engineer,37214,21,PhD,0.41,0.72,0.6,Medium,0.54,0.15,0.38,0.41,0.75,0.02,0.27,0.52,0.27,0.63
AI Engineer,143557,2,High School,0.37,1.06,0.16,Low,0.67,0.58,0.53,0.25,0.0,0.17,0.12,0.45,0.61,0.21
Data Scientist,32994,15,PhD,0.01,1.27,0.55,Medium,0.37,0.05,0.63,0.39,0.94,0.54,0.94,0.22,0.73,0.62
Data Scientist,93059,18,High School,0.11,0.79,0.42,Medium,0.25,0.52,0.54,0.36,0.35,0.83,0.79,0.31,0.91,0.95
Software Engineer,100293,21,Bachelor's,0.08,0.52,0.37,Medium,0.89,0.24,0.35,0.11,0.22,0.52,0.61,0.25,0.06,0.39
Software Engineer,115679,5,PhD,0.43,0.7,0.51,Medium,0.74,0.44,0.67,0.09,0.75,0.81,0.71,0.97,0.83,0.9
UX Researcher,131154,21,Master's,0.01,1.26,0.55,Medium,0.76,0.04,0.84,0.62,0.56,0.62,0.86,0.59,0.58,0.99
Data Scientist,117954,13,PhD,0.39,0.57,0.38,Medium,0.23,0.47,0.27,0.1,0.17,0.15,0.97,0.76,0.97,0.44
AI Engineer,110357,5,High School,0.85,0.67,0.26,Low,0.49,0.41,0.9,0.6,0.58,0.56,0.37,0.79,0.25,0.94
UX Researcher,103648,19,Bachelor's,0.38,0.73,0.41,Medium,0.55,0.2,0.29,0.24,0.95,0.94,0.61,0.92,0.79,0.59
UX Researcher,143892,16,Master's,0.77,1.2,0.55,Medium,0.76,0.51,0.7,0.94,0.38,0.71,0.48,0.67,0.76,0.05
Data Scientist,135296,7,High School,0.23,1.17,0.49,Medium,0.77,0.12,0.63,0.28,0.85,0.93,1.0,0.8,0.75,0.22
UX Researcher,71830,27,Master's,0.6,1.15,0.38,Medium,0.3,0.62,0.6,0.51,0.35,0.91,0.34,0.46,0.68,0.54
Software Engineer,129555,22,High School,0.44,1.29,0.41,Medium,0.14,0.31,0.85,0.09,0.99,0.54,0.98,0.94,0.45,0.2
Data Scientist,137524,2,PhD,0.76,0.56,0.3,Low,0.21,0.66,0.41,0.4,0.88,0.9,0.91,0.31,0.69,0.27
Data Scientist,85798,10,High School,0.8,0.6,0.53,Medium,0.46,0.12,0.98,0.21,0.07,0.59,0.74,0.03,0.66,0.53
AI Engineer,84710,21,Bachelor's,0.23,1.11,0.11,Low,0.58,0.36,0.82,0.82,0.48,0.35,0.36,0.81,0.33,0.21
UX Researcher,38848,5,PhD,0.47,0.98,0.64,Medium,0.22,0.38,0.81,0.82,0.38,0.46,0.3,0.93,0.12,0.93
Data Scientist,145660,26,High School,0.78,1.5,0.38,Medium,0.46,0.43,0.3,0.2,0.07,0.89,0.42,0.5,0.92,0.78
Data Scientist,64785,12,High School,0.57,0.94,0.62,Medium,0.72,0.69,0.34,0.8,0.05,0.16,0.34,0.08,0.23,0.83
Software Engineer,78899,11,Master's,0.06,0.79,0.34,Medium,0.96,0.14,0.15,0.89,0.94,0.77,0.01,0.0,0.38,0.14
Software Engineer,143857,28,High School,0.81,1.09,0.37,Medium,0.02,0.36,0.55,0.84,0.13,0.8,0.86,0.15,0.85,0.99
AI Engineer,46626,21,PhD,0.99,0.59,0.25,Low,0.67,0.77,0.31,0.49,0.8,0.23,0.23,0.55,0.52,0.28
Software Engineer,143880,18,Master's,0.0,1.11,0.55,Medium,0.46,0.4,0.46,0.41,0.73,0.14,0.2,0.18,0.26,0.53
UX Researcher,147027,17,Bachelor's,0.53,1.18,0.54,Medium,0.15,0.17,0.88,0.56,0.87,0.37,0.61,0.52,0.32,0.47
Software Engineer,97598,6,High School,0.04,0.69,0.52,Medium,0.65,0.05,0.95,0.84,0.3,0.08,0.17,0.13,0.12,0.52
AI Engineer,34758,18,PhD,0.67,0.98,0.15,Low,0.36,0.59,0.58,0.16,0.47,0.55,0.57,0.21,0.74,0.03
UX Researcher,102572,23,High School,0.52,1.4,0.38,Medium,0.02,0.86,0.58,0.89,0.6,0.81,0.43,0.75,0.91,0.57
Software Engineer,46932,9,PhD,0.91,0.54,0.5,Medium,0.68,0.93,0.62,0.8,0.08,0.39,0.37,0.89,0.15,0.15
Data Scientist,66993,3,High School,0.51,0.82,0.54,Medium,1.0,0.44,0.92,0.35,0.05,0.2,0.42,0.22,0.0,0.92
AI Engineer,124598,14,Master's,0.95,0.85,0.06,Low,0.18,0.39,0.95,0.14,0.76,0.11,0.98,0.38,0.78,0.34
UX Researcher,93752,12,Bachelor's,0.26,0.97,0.39,Medium,0.74,0.92,0.42,0.34,0.96,0.44,0.49,0.35,0.91,0.57
Software Engineer,33203,17,High School,0.73,1.42,0.6,Medium,0.59,0.19,0.67,0.62,0.6,0.49,0.53,0.33,0.52,0.2
UX Researcher,76097,23,High School,0.75,0.96,0.64,Medium,0.11,0.26,0.83,0.38,0.98,0.47,0.79,0.4,0.42,0.38
AI Engineer,49177,0,Master's,0.17,0.85,0.15,Low,0.06,0.58,0.88,0.15,0.6,0.66,0.42,0.7,0.41,0.5
AI Engineer,136802,23,Bachelor's,0.69,1.02,0.3,Low,0.61,0.37,0.77,0.17,0.38,0.35,0.43,0.78,0.48,0.79
AI Engineer,80901,26,Master's,0.34,1.31,0.11,Low,0.22,0.5,0.26,0.01,0.65,0.51,0.45,0.97,0.57,0.86
Software Engineer,142134,12,PhD,0.54,0.63,0.42,Medium,0.24,0.21,0.41,0.7,0.22,0.37,0.39,0.98,0.95,0.8
Data Scientist,100601,0,Bachelor's,0.4,0.93,0.53,Medium,0.0,0.26,0.52,0.72,0.17,0.55,0.71,0.44,0.03,0.45
AI Engineer,66701,25,High School,0.62,0.72,0.16,Low,0.9,0.13,0.39,0.82,0.97,0.45,0.51,0.57,0.93,0.86
Data Scientist,78733,25,Bachelor's,0.75,1.23,0.65,Medium,0.19,0.4,0.95,0.4,0.12,0.53,0.11,0.2,1.0,0.54
Data Scientist,33320,26,PhD,0.27,0.53,0.59,Medium,0.63,0.58,0.74,0.68,0.21,0.35,0.13,0.13,0.68,0.86
Data Scientist,137648,22,PhD,0.63,0.68,0.34,Medium,0.81,0.58,0.62,0.78,0.7,0.83,0.06,0.75,0.85,0.29
AI Engineer,133496,13,High School,0.34,0.68,0.05,Low,0.47,0.69,0.23,0.13,0.89,0.28,0.22,0.86,0.82,0.45
Data Scientist,138777,0,PhD,0.3,0.6,0.41,Medium,0.82,0.38,0.09,0.34,0.98,0.63,0.42,0.17,0.99,0.82
Software Engineer,140463,7,Master's,0.69,1.45,0.55,Medium,0.44,0.53,0.2,0.75,0.75,0.15,0.88,0.27,0.98,0.38
UX Researcher,45605,5,Master's,0.49,1.43,0.55,Medium,0.9,0.46,0.15,0.93,0.46,0.18,0.3,0.05,0.47,0.85
UX Researcher,103953,18,Master's,0.93,0.63,0.45,Medium,0.03,0.86,0.36,0.63,0.71,0.43,0.31,0.96,0.96,0.29
UX Researcher,65321,19,PhD,0.22,1.31,0.39,Medium,0.54,0.97,0.15,0.94,0.18,0.57,0.38,0.96,0.27,0.4
Data Scientist,39752,1,High School,0.77,0.71,0.43,Medium,0.82,0.54,0.86,0.21,0.61,0.08,0.64,0.76,0.58,0.27
AI Engineer,34792,14,Bachelor's,0.12,1.12,0.28,Low,0.21,0.74,0.87,0.52,0.67,0.82,0.26,0.3,0.0,0.96
Data Scientist,44591,29,Master's,0.26,1.37,0.35,Medium,0.72,0.1,0.62,0.36,0.79,0.23,0.64,0.24,0.71,0.87
Data Scientist,35424,17,High School,0.87,1.09,0.35,Medium,0.43,0.16,0.7,0.76,0.11,0.51,0.81,0.94,0.51,0.95
Data Scientist,89789,28,Bachelor's,0.39,1.35,0.5,Medium,0.47,0.49,0.85,0.83,0.4,0.33,0.49,0.57,0.24,0.79
UX Researcher,104702,10,PhD,0.64,0.64,0.67,Medium,0.09,0.96,0.61,0.0,0.89,0.52,0.26,0.77,0.93,0.48
UX Researcher,66613,23,Master's,0.71,0.86,0.33,Medium,0.43,0.44,0.67,0.32,0.68,0.87,0.24,0.98,0.39,0.27
UX Researcher,85823,16,High School,0.66,1.02,0.31,Medium,0.41,0.3,0.75,0.21,0.21,0.19,0.13,0.31,0.89,0.77
AI Engineer,123286,17,High School,0.8,0.77,0.27,Low,0.14,0.34,0.59,0.1,0.73,0.39,0.78,0.49,0.18,0.73
Data Scientist,103889,10,Bachelor's,0.62,0.93,0.42,Medium,0.6,0.05,0.09,0.03,0.5,0.6,0.06,0.72,0.23,0.69
Software Engineer,50968,29,High School,0.65,1.25,0.55,Medium,0.54,0.75,0.73,0.63,0.36,0.41,0.97,0.11,0.27,0.49
Data Scientist,86862,1,Bachelor's,0.21,1.04,0.59,Medium,0.63,0.47,0.96,0.68,0.91,0.73,0.74,0.08,0.36,0.86
AI Engineer,46934,6,Bachelor's,0.41,0.64,0.22,Low,0.52,0.64,0.34,0.91,0.59,0.09,0.45,0.76,0.79,0.49
UX Researcher,133693,3,High School,0.25,0.56,0.35,Medium,0.86,0.63,0.25,0.56,0.53,0.66,0.23,0.86,0.31,0.69
Software Engineer,131505,16,Bachelor's,0.57,1.25,0.45,Medium,0.3,0.46,0.82,0.93,0.55,0.66,0.9,0.1,0.23,0.71
UX Researcher,136153,25,Master's,0.32,0.92,0.39,Medium,0.2,0.04,0.64,0.26,0.05,0.23,0.8,0.85,0.48,0.42
Software Engineer,118444,8,Master's,0.38,0.78,0.59,Medium,0.86,0.65,0.51,0.16,0.05,0.45,0.05,0.57,0.38,0.76
Software Engineer,128336,7,High School,0.35,0.83,0.49,Medium,0.88,0.04,0.8,0.37,0.85,0.8,0.35,0.69,0.16,0.9
Data Scientist,96188,7,High School,0.4,0.58,0.59,Medium,0.62,0.0,0.01,0.81,0.26,0.64,0.45,0.86,0.92,1.0
AI Engineer,54722,22,High School,0.27,0.96,0.27,Low,0.46,0.56,0.4,0.46,0.02,0.28,0.44,0.63,0.45,0.34
Data Scientist,64568,6,High School,0.74,1.27,0.56,Medium,0.47,0.57,0.05,0.62,0.63,0.89,0.51,0.08,0.31,0.66
UX Researcher,39372,24,Bachelor's,0.91,0.77,0.66,Medium,0.32,0.55,0.05,0.04,0.72,0.44,0.26,0.19,0.67,0.0
Software Engineer,74458,4,PhD,0.19,1.23,0.36,Medium,0.86,0.51,0.11,0.69,0.52,0.3,0.42,0.3,0.26,0.16
AI Engineer,79047,21,PhD,0.69,0.67,0.12,Low,0.21,0.6,0.5,0.87,0.95,0.4,0.51,0.97,0.28,0.79
Data Scientist,47040,4,Bachelor's,0.97,0.94,0.64,Medium,0.57,0.16,0.69,0.51,0.65,0.89,0.44,0.9,0.75,0.49
Data Scientist,80192,23,Bachelor's,0.33,1.48,0.57,Medium,0.04,0.33,0.62,0.06,0.02,0.45,0.33,0.44,0.26,0.16
UX Researcher,147220,13,PhD,0.64,0.86,0.32,Medium,0.03,0.55,0.76,0.54,0.84,0.03,0.37,0.24,0.45,0.07
Data Scientist,105587,24,PhD,0.41,0.63,0.63,Medium,0.04,0.53,0.66,0.21,0.91,0.84,0.47,0.41,0.24,0.73
AI Engineer,34023,14,High School,0.84,0.73,0.27,Low,0.03,0.91,0.12,0.65,0.25,0.84,0.51,0.14,0.57,0.41
Software Engineer,63414,0,High School,0.61,1.27,0.48,Medium,0.47,0.64,0.11,0.44,0.97,0.04,0.32,0.31,0.63,0.11
AI Engineer,146004,26,PhD,0.08,0.76,0.05,Low,0.04,0.91,0.35,0.41,0.02,0.27,0.8,0.62,0.75,0.45
Data Scientist,52689,4,High School,0.01,1.28,0.63,Medium,0.06,0.61,0.38,0.79,0.87,0.85,0.78,0.27,0.81,0.53
Data Scientist,34027,8,Bachelor's,0.74,1.39,0.48,Medium,0.53,0.42,0.85,0.23,0.24,0.37,0.23,0.56,0.13,0.32
Data Scientist,114785,13,High School,0.13,1.29,0.31,Medium,0.48,0.33,0.74,0.31,0.83,0.59,0.79,0.99,0.68,0.98
UX Researcher,76766,22,PhD,0.29,0.5,0.39,Medium,0.34,0.99,0.52,0.2,0.33,0.33,0.02,0.14,0.7,0.12
Software Engineer,98232,12,PhD,0.03,0.84,0.69,Medium,0.87,0.33,0.59,0.85,0.44,0.02,0.07,0.51,0.97,0.69
Data Scientist,70741,18,High School,0.34,0.92,0.5,Medium,0.48,0.27,0.03,0.61,0.4,0.3,0.87,0.75,0.86,0.49
AI Engineer,78817,28,High School,0.46,1.44,0.17,Low,0.46,0.79,0.82,0.55,0.18,0.47,0.97,0.75,0.81,0.03
Software Engineer,137334,1,Master's,0.65,1.33,0.32,Medium,0.85,0.55,0.2,0.32,0.28,0.53,0.05,0.16,0.81,0.13
AI Engineer,82328,8,Bachelor's,0.51,1.17,0.26,Low,0.01,0.4,0.91,0.74,0.54,0.53,0.35,0.52,0.66,0.42
Software Engineer,78542,25,Master's,0.86,0.65,0.48,Medium,0.41,0.69,0.25,0.64,0.88,0.42,0.91,0.99,0.11,0.23
UX Researcher,35703,5,PhD,0.96,0.6,0.31,Medium,0.16,1.0,0.18,0.5,0.85,0.02,0.6,0.28,0.86,0.28
Data Scientist,110146,21,PhD,0.67,0.72,0.31,Medium,0.41,0.29,0.81,0.8,0.46,0.61,0.6,0.83,0.43,0.28
Software Engineer,117052,8,PhD,0.54,0.95,0.48,Medium,0.09,0.72,0.21,0.2,0.41,0.23,0.58,0.37,0.45,0.54
Software Engineer,51182,8,High School,0.05,1.44,0.51,Medium,0.33,0.16,0.34,0.02,0.36,0.53,0.87,0.69,0.11,0.15
UX Researcher,127841,1,PhD,0.2,0.53,0.62,Medium,0.02,0.83,0.14,0.97,0.6,0.73,0.11,0.86,0.84,0.65
Software Engineer,73271,9,Bachelor's,0.31,0.61,0.64,Medium,1.0,0.29,0.36,0.94,0.71,0.3,0.58,0.94,0.81,0.74
Data Scientist,33841,28,High School,0.47,1.16,0.66,Medium,0.39,0.96,0.42,0.6,0.71,0.95,0.24,0.75,0.52,0.27
Data Scientist,141789,27,Bachelor's,0.55,1.16,0.43,Medium,0.48,0.62,0.4,0.2,0.96,0.51,0.73,0.41,0.36,0.41
UX Researcher,50754,13,High School,0.37,1.46,0.63,Medium,0.85,0.17,0.27,0.29,0.27,0.86,0.03,0.08,0.27,0.2
UX Researcher,118110,3,Master's,0.02,1.43,0.62,Medium,0.84,0.09,0.74,0.96,0.68,0.57,0.95,0.44,0.6,0.48
UX Researcher,144300,13,PhD,0.27,1.03,0.63,Medium,0.4,0.72,0.88,0.22,0.81,0.76,0.36,0.99,0.26,0.25
Data Scientist,87410,12,Bachelor's,0.46,1.05,0.68,Medium,1.0,0.24,0.73,0.38,0.01,0.01,0.46,0.49,0.02,0.69
Data Scientist,148362,2,Master's,0.56,0.8,0.37,Medium,0.41,0.23,0.53,0.2,0.51,0.16,0.67,0.75,0.11,0.47
Software Engineer,72460,12,Master's,0.6,0.76,0.51,Medium,0.52,0.92,0.55,0.58,0.4,0.95,0.78,0.29,0.84,0.43
UX Researcher,54524,17,High School,0.42,0.57,0.5,Medium,0.46,0.77,0.66,0.45,0.22,0.73,0.71,0.15,0.91,0.06
UX Researcher,92345,23,Bachelor's,0.19,1.41,0.51,Medium,0.79,0.23,0.49,0.36,0.83,0.02,0.24,0.15,0.86,0.47
AI Engineer,138347,21,Bachelor's,0.78,0.96,0.22,Low,0.39,0.16,0.4,0.58,0.95,0.07,0.51,0.33,0.51,0.02
Software Engineer,89300,11,High School,0.04,0.93,0.32,Medium,0.1,0.66,0.65,0.03,0.0,0.08,0.76,0.58,0.04,0.49
Data Scientist,131971,5,Bachelor's,0.87,1.43,0.43,Medium,0.14,0.24,0.78,0.97,0.47,0.31,0.43,0.3,0.26,0.59
UX Researcher,48715,17,Master's,0.73,0.6,0.59,Medium,0.68,0.83,0.04,0.02,0.37,0.15,0.56,0.92,0.39,0.84
Software Engineer,40196,16,High School,0.6,1.11,0.51,Medium,0.09,0.45,1.0,0.84,0.89,0.82,0.1,0.23,0.0,0.3
UX Researcher,123249,23,Master's,0.49,1.07,0.59,Medium,0.11,0.75,0.14,0.07,0.98,0.96,0.06,0.44,0.19,0.49
AI Engineer,142109,8,Bachelor's,0.94,0.87,0.06,Low,0.76,0.7,0.6,0.49,0.03,0.62,0.42,0.56,0.43,0.97
UX Researcher,87737,25,Master's,0.75,1.44,0.54,Medium,0.01,0.03,0.7,0.28,0.58,0.2,0.27,0.5,0.98,0.62
AI Engineer,141654,27,High School,0.64,1.39,0.27,Low,0.7,0.47,0.51,0.14,0.34,0.19,0.82,0.91,0.54,0.73
UX Researcher,50662,20,High School,0.61,1.2,0.48,Medium,0.24,0.88,0.74,0.9,0.82,0.99,0.19,0.09,0.34,0.13
Software Engineer,116755,1,Bachelor's,0.44,0.56,0.69,Medium,0.59,0.56,0.66,0.5,0.03,0.61,0.72,0.42,0.76,0.23
Data Scientist,133719,6,High School,0.16,0.87,0.64,Medium,0.83,0.38,0.59,0.72,0.24,0.17,0.97,0.62,0.98,0.34
UX Researcher,91404,6,Master's,0.83,0.91,0.51,Medium,0.03,0.67,0.4,0.45,0.87,0.46,0.02,0.23,0.48,0.42
Data Scientist,133587,16,Bachelor's,0.43,0.99,0.67,Medium,0.52,0.49,0.58,0.69,0.11,0.82,0.44,0.07,0.79,0.38
AI Engineer,133080,14,Bachelor's,0.13,1.09,0.21,Low,0.05,0.24,0.8,0.05,0.86,0.66,0.43,0.35,0.02,0.83
Data Scientist,50758,26,Bachelor's,0.79,0.72,0.33,Medium,0.53,0.06,0.77,0.72,0.88,0.64,0.07,0.25,0.81,0.17
AI Engineer,133613,11,PhD,0.71,1.37,0.06,Low,0.57,0.85,0.4,0.3,0.8,0.34,0.0,0.96,0.59,0.82
Software Engineer,115642,19,PhD,0.22,0.7,0.37,Medium,0.78,0.23,0.53,0.45,0.58,0.88,0.87,0.45,0.02,0.43
UX Researcher,68669,17,Master's,0.49,1.36,0.34,Medium,0.45,0.29,0.1,0.76,0.51,0.56,0.41,0.46,0.12,0.67
Software Engineer,136081,29,High School,0.84,0.98,0.51,Medium,0.3,0.49,0.13,0.96,0.8,0.67,0.54,0.79,0.49,0.3
Software Engineer,48728,11,Bachelor's,0.65,1.43,0.36,Medium,0.18,0.43,0.81,0.29,0.25,0.62,0.54,0.06,0.08,0.64
Data Scientist,119363,1,PhD,0.35,1.39,0.37,Medium,0.15,0.58,0.66,0.19,0.39,0.95,0.25,0.67,0.74,0.45
AI Engineer,33692,25,High School,0.73,1.3,0.29,Low,0.61,0.25,0.92,0.78,0.57,0.7,0.92,0.71,0.37,0.71
Software Engineer,80075,22,Bachelor's,0.65,1.45,0.62,Medium,0.04,0.33,0.47,0.31,0.7,0.83,0.73,0.99,0.27,0.87
AI Engineer,135899,24,Bachelor's,0.53,1.25,0.16,Low,0.75,0.2,0.37,0.63,0.02,0.72,0.84,0.4,0.45,0.85
UX Researcher,54940,26,Master's,0.06,0.55,0.47,Medium,0.93,0.29,0.43,0.1,0.49,0.7,0.27,0.3,0.84,0.01
Software Engineer,144326,14,PhD,0.39,0.8,0.56,Medium,0.83,0.56,0.03,0.46,0.46,0.54,0.67,0.02,0.5,0.59
Software Engineer,49359,26,Bachelor's,0.9,0.77,0.41,Medium,0.3,0.61,0.44,0.73,0.89,0.67,0.2,0.93,0.26,0.15
UX Researcher,98354,16,High School,0.84,0.53,0.63,Medium,0.14,0.89,0.73,0.16,0.57,0.31,0.18,0.86,0.4,0.4
Data Scientist,93766,10,PhD,0.0,1.43,0.44,Medium,0.4,0.17,0.38,0.8,0.8,0.94,0.4,0.71,0.51,0.8
AI Engineer,75986,27,PhD,0.5,0.52,0.14,Low,0.74,0.51,0.24,0.34,0.86,0.53,0.53,0.96,0.32,0.48
AI Engineer,36473,18,Bachelor's,0.58,0.57,0.09,Low,0.89,0.61,0.95,1.0,0.37,0.3,0.86,1.0,0.63,0.8
Data Scientist,107593,25,Master's,0.86,0.99,0.53,Medium,0.57,0.41,0.19,0.75,0.13,0.1,0.71,0.21,0.31,0.48
Software Engineer,91743,6,Bachelor's,0.11,1.03,0.64,Medium,0.74,0.22,0.4,0.51,0.81,0.84,0.91,0.51,0.69,0.11
Data Scientist,52380,16,PhD,0.01,1.49,0.37,Medium,0.47,0.87,0.23,0.48,0.13,0.4,0.18,0.36,0.37,0.99
UX Researcher,32035,15,Master's,0.31,1.42,0.56,Medium,0.44,0.79,0.82,0.29,0.34,0.94,0.16,0.04,0.45,0.8
Data Scientist,59974,11,Master's,0.15,1.39,0.41,Medium,0.14,0.12,0.7,0.01,0.47,0.12,0.85,0.96,0.96,0.44
Software Engineer,66476,11,Master's,0.4,1.46,0.7,Medium,0.73,0.23,0.1,0.41,0.86,0.72,0.88,0.62,0.13,0.11
Software Engineer,82271,11,PhD,0.24,1.23,0.57,Medium,0.32,0.18,0.1,0.74,0.45,0.32,0.86,0.59,0.52,0.74
Software Engineer,132859,26,Master's,0.16,0.64,0.54,Medium,0.9,0.79,0.55,0.42,0.62,0.44,0.25,0.68,0.87,0.37
AI Engineer,99810,10,High School,0.43,0.9,0.06,Low,0.7,0.81,0.66,0.15,0.1,0.57,0.4,0.43,0.97,0.72
UX Researcher,90360,6,Master's,0.02,0.53,0.57,Medium,0.84,0.71,0.41,0.03,0.97,0.99,0.55,0.07,0.54,0.89
AI Engineer,130290,4,High School,0.72,0.58,0.08,Low,0.13,0.9,0.53,0.79,0.12,0.93,0.82,0.22,0.87,0.26
AI Engineer,131041,12,Bachelor's,0.35,1.25,0.16,Low,0.84,0.88,0.3,0.82,0.15,0.33,0.52,0.23,0.58,0.58
Software Engineer,134087,23,Bachelor's,0.8,1.13,0.43,Medium,0.23,0.88,0.84,0.23,0.04,0.8,0.62,0.1,0.59,0.45
AI Engineer,90985,20,PhD,0.21,0.95,0.09,Low,0.96,0.78,0.74,0.69,0.42,0.92,0.07,0.8,0.22,0.32
AI Engineer,60011,16,Master's,0.26,1.35,0.14,Low,0.23,0.18,0.32,0.07,0.03,0.61,0.62,0.53,0.76,0.04
Software Engineer,107255,21,Bachelor's,0.92,0.58,0.67,Medium,0.71,0.33,0.39,0.74,0.6,0.67,0.39,0.49,0.99,0.21
AI Engineer,50491,14,High School,0.74,0.5,0.12,Low,0.54,0.53,0.64,0.3,0.54,0.19,0.19,0.58,0.69,0.12
Data Scientist,74775,17,PhD,0.3,0.77,0.35,Medium,0.51,0.15,0.62,0.16,0.58,0.83,0.04,0.42,0.46,0.79
AI Engineer,112201,21,Bachelor's,0.35,0.83,0.24,Low,0.45,0.21,0.2,0.86,0.68,0.55,0.4,0.43,0.06,0.45
Data Scientist,76647,22,PhD,0.92,0.8,0.55,Medium,0.82,0.51,0.72,0.31,0.31,0.67,0.71,0.94,0.22,0.47
AI Engineer,138197,12,Bachelor's,0.08,0.9,0.14,Low,0.27,0.3,0.36,0.99,0.78,0.07,0.87,0.63,0.89,0.34
AI Engineer,112604,20,Bachelor's,0.54,1.35,0.06,Low,0.89,0.67,0.62,0.63,0.3,0.42,0.8,0.31,0.47,0.02
AI Engineer,61478,7,Bachelor's,0.42,1.03,0.08,Low,0.99,0.3,0.63,0.58,0.79,0.29,0.76,0.38,0.41,0.67
AI Engineer,59328,16,Bachelor's,0.9,1.37,0.27,Low,0.27,0.03,0.26,0.28,0.91,0.65,0.08,0.14,0.16,0.63
Data Scientist,51951,7,Bachelor's,0.58,0.57,0.32,Medium,0.06,0.94,0.85,0.84,0.92,0.51,0.25,0.4,0.72,0.88
Data Scientist,136203,9,PhD,0.51,1.31,0.59,Medium,0.62,0.15,0.84,0.94,0.14,0.49,0.26,0.75,0.72,0.14
AI Engineer,67499,1,Master's,0.29,0.67,0.25,Low,0.96,0.41,0.95,0.82,0.48,0.67,0.43,0.56,0.06,0.7
Software Engineer,99074,21,Master's,0.63,0.92,0.52,Medium,0.21,0.69,0.96,0.46,0.52,0.24,0.89,0.97,0.79,0.54
Software Engineer,70154,27,PhD,0.38,1.03,0.68,Medium,0.68,0.65,0.71,0.92,0.25,0.61,0.4,0.01,0.13,0.32
Data Scientist,127556,8,High School,0.64,1.35,0.52,Medium,0.41,0.98,0.58,0.87,0.95,0.68,0.55,0.0,0.04,0.2
Software Engineer,48225,11,High School,0.96,0.73,0.34,Medium,0.15,0.7,0.73,0.67,0.34,0.17,0.58,0.48,0.73,0.44
AI Engineer,51661,1,Bachelor's,0.26,1.37,0.21,Low,0.02,0.72,0.04,1.0,0.87,0.3,0.26,0.38,0.36,0.37
UX Researcher,44234,4,Bachelor's,0.34,1.03,0.56,Medium,0.08,0.49,0.36,0.87,0.88,0.7,0.66,0.73,0.37,0.4
Software Engineer,134383,0,High School,0.94,1.22,0.52,Medium,0.77,0.37,0.73,0.41,0.28,0.61,0.69,0.46,0.57,0.69
Data Scientist,104362,11,PhD,0.31,0.98,0.69,Medium,0.67,0.15,0.13,0.2,0.77,0.3,0.02,0.94,0.17,0.01
Data Scientist,143115,0,Bachelor's,0.43,1.08,0.6,Medium,0.27,0.89,0.98,0.49,0.94,0.0,0.89,0.31,0.31,0.23
Software Engineer,123304,23,Master's,0.93,1.06,0.4,Medium,0.21,0.14,0.42,0.14,0.42,0.15,0.66,0.79,0.55,0.68
Data Scientist,41352,4,PhD,0.93,1.26,0.32,Medium,0.84,0.94,0.99,0.13,0.61,0.2,0.26,0.75,0.98,0.59
UX Researcher,43679,21,High School,0.04,1.1,0.46,Medium,0.89,0.3,0.43,0.53,0.27,0.91,0.46,0.42,0.85,0.31
Data Scientist,112124,0,High School,0.65,1.03,0.39,Medium,0.2,0.91,0.26,0.28,0.41,0.14,0.51,0.67,0.79,0.71
AI Engineer,139640,22,Bachelor's,0.76,1.33,0.27,Low,0.61,0.86,0.02,0.11,0.09,0.71,0.07,0.5,0.47,0.31
Data Scientist,80530,11,PhD,0.15,1.26,0.59,Medium,0.57,0.47,0.89,0.77,0.81,0.81,0.64,0.46,0.86,0.93
AI Engineer,102022,26,High School,0.95,0.56,0.27,Low,0.3,0.5,0.42,0.17,0.36,0.19,0.2,0.19,0.49,0.8
Software Engineer,64477,20,Bachelor's,0.63,1.08,0.69,Medium,0.89,0.41,0.37,0.3,0.15,0.14,0.13,0.11,0.24,0.31
UX Researcher,32565,13,High School,0.58,1.49,0.45,Medium,0.46,0.32,0.18,0.14,0.95,0.99,0.04,0.15,0.42,0.19
Software Engineer,32599,20,High School,0.87,1.25,0.39,Medium,0.07,0.72,0.39,0.77,0.45,0.35,0.45,0.75,0.9,0.05
Software Engineer,41394,24,Bachelor's,0.69,1.41,0.68,Medium,0.03,0.99,0.32,0.84,0.18,0.06,0.38,0.86,0.22,0.15
UX Researcher,41246,26,High School,0.98,0.57,0.66,Medium,0.31,0.59,0.68,0.14,0.44,0.33,0.06,0.83,0.05,0.65
Software Engineer,145650,29,Bachelor's,0.56,0.61,0.69,Medium,0.57,0.15,0.31,0.8,0.52,0.19,0.1,0.43,0.34,0.66
Data Scientist,102264,4,PhD,0.93,0.95,0.57,Medium,0.27,0.41,0.71,0.51,0.93,0.74,0.56,0.89,0.67,0.65
UX Researcher,91284,13,High School,0.42,1.36,0.39,Medium,0.39,0.32,0.15,0.29,0.23,0.92,0.74,0.32,0.76,0.02
Data Scientist,51200,20,High School,0.25,0.61,0.65,Medium,0.2,0.82,0.41,0.01,0.73,0.6,0.34,0.28,0.07,0.94
UX Researcher,91561,20,High School,0.25,1.39,0.6,Medium,0.73,0.35,0.89,0.64,0.85,0.36,0.15,0.33,0.46,0.53
Software Engineer,54453,10,High School,0.77,1.24,0.66,Medium,0.01,0.22,0.83,0.67,0.89,0.06,0.6,0.57,0.04,0.51
UX Researcher,129821,29,Master's,0.19,0.77,0.56,Medium,0.47,0.86,0.34,0.27,0.98,0.91,0.03,0.77,0.11,0.03
AI Engineer,143352,14,Bachelor's,0.97,0.96,0.29,Low,0.2,0.9,0.01,0.55,0.42,0.53,0.55,0.39,1.0,0.98
UX Researcher,37163,0,Bachelor's,0.44,1.36,0.37,Medium,0.53,0.36,0.12,0.05,0.56,0.02,0.1,0.35,0.04,0.4
UX Researcher,144759,18,Bachelor's,0.54,1.21,0.44,Medium,0.75,0.62,0.46,0.19,0.3,0.62,0.43,0.89,0.23,0.07
AI Engineer,47330,9,PhD,0.11,0.58,0.06,Low,0.54,0.71,0.13,0.64,0.48,0.99,0.72,0.66,0.57,1.0
UX Researcher,55463,8,High School,0.5,1.2,0.33,Medium,0.94,0.46,0.94,0.11,0.95,0.11,0.46,0.94,0.23,0.03
UX Researcher,115275,13,PhD,0.6,1.01,0.31,Medium,0.65,0.17,0.93,0.69,0.71,0.23,0.88,0.54,0.86,0.27
AI Engineer,126666,18,High School,0.58,1.43,0.13,Low,0.37,0.05,0.59,0.72,0.77,0.15,0.44,0.18,0.66,0.16
UX Researcher,105664,4,PhD,0.24,1.46,0.6,Medium,0.57,0.31,0.22,0.72,0.52,0.52,0.07,0.51,0.82,0.95
Data Scientist,133722,9,Bachelor's,0.31,0.65,0.47,Medium,0.96,0.41,0.35,0.44,0.01,0.13,0.85,0.98,0.16,0.54
Software Engineer,93483,25,PhD,0.25,0.68,0.48,Medium,0.04,0.79,0.88,0.69,0.27,0.12,0.38,0.83,0.35,0.03
Data Scientist,73815,28,PhD,0.26,0.73,0.46,Medium,0.59,0.55,0.24,0.89,0.11,0.04,0.6,0.12,0.5,0.95
Data Scientist,116483,5,High School,0.29,0.66,0.58,Medium,0.64,0.88,0.96,0.86,0.06,0.66,0.78,0.98,0.37,0.17
Data Scientist,149346,28,High School,0.32,1.1,0.46,Medium,0.4,0.73,0.36,0.69,0.01,0.32,0.32,0.75,0.31,0.63
UX Researcher,104399,19,PhD,0.66,1.1,0.47,Medium,0.37,0.56,0.06,0.88,0.83,0.35,0.57,0.93,0.27,0.74
Software Engineer,108267,16,Bachelor's,0.03,0.86,0.6,Medium,0.95,0.38,0.87,0.39,0.18,0.0,0.33,0.38,0.95,0.21
Data Scientist,120299,5,High School,0.16,0.85,0.63,Medium,0.38,0.61,0.5,0.72,0.16,0.92,0.64,0.27,0.12,0.15
AI Engineer,46915,29,Master's,0.53,1.35,0.18,Low,0.32,0.52,0.11,0.13,0.69,0.92,0.73,0.07,0.4,0.0
AI Engineer,59179,21,High School,0.19,1.37,0.08,Low,0.0,0.45,0.16,0.74,0.92,0.04,0.4,1.0,0.73,0.95
UX Researcher,86195,10,Bachelor's,0.22,0.52,0.6,Medium,0.15,0.87,0.64,0.23,0.16,0.63,0.9,0.72,0.35,0.59
UX Researcher,133488,28,PhD,0.85,0.56,0.36,Medium,0.58,0.74,0.08,0.92,0.97,0.61,0.48,0.74,0.33,0.49
Software Engineer,42054,7,Bachelor's,0.43,1.4,0.51,Medium,0.51,0.06,0.92,0.18,0.53,0.8,0.22,0.53,0.24,0.76
AI Engineer,73441,18,PhD,0.86,1.39,0.21,Low,0.73,0.55,0.38,0.65,0.91,0.42,0.31,0.39,0.44,0.07
Data Scientist,94566,27,Bachelor's,0.31,1.01,0.53,Medium,0.07,0.65,0.49,0.54,0.83,0.34,0.17,0.55,0.95,0.52
UX Researcher,104745,20,High School,0.85,1.32,0.6,Medium,0.63,0.68,0.81,0.66,0.33,0.38,0.9,0.02,0.7,0.95
UX Researcher,135454,1,PhD,0.36,1.44,0.65,Medium,0.29,0.16,0.45,0.36,0.68,0.97,0.36,0.06,0.9,0.04
Software Engineer,68921,19,Master's,0.35,1.45,0.64,Medium,0.29,0.01,0.3,0.28,0.89,0.97,0.07,0.47,0.55,0.09
Data Scientist,111339,0,Bachelor's,0.46,1.14,0.34,Medium,0.9,0.57,0.78,0.79,0.26,0.53,0.96,0.09,0.68,0.96
Data Scientist,70720,17,Bachelor's,0.86,1.43,0.6,Medium,0.23,0.33,0.04,0.83,0.85,0.63,0.35,0.08,0.75,0.73
AI Engineer,121814,0,High School,0.51,0.97,0.24,Low,0.83,0.75,0.14,0.62,0.08,0.69,0.38,0.13,0.86,0.61
AI Engineer,79678,0,Bachelor's,0.77,1.16,0.1,Low,0.4,0.78,0.95,0.08,0.54,0.31,0.23,0.51,0.61,0.01
Software Engineer,127155,3,PhD,0.75,0.89,0.66,Medium,0.18,0.29,0.55,0.32,0.42,0.49,0.86,0.52,0.36,0.25
Software Engineer,127501,7,PhD,0.45,1.31,0.4,Medium,0.88,0.56,0.61,0.88,0.82,0.6,0.75,0.43,0.55,0.06
Data Scientist,44870,15,PhD,0.72,0.72,0.41,Medium,0.75,0.18,0.25,0.02,0.72,0.62,0.69,0.21,0.69,0.6
Data Scientist,127677,13,Bachelor's,0.64,0.84,0.35,Medium,0.09,0.34,0.14,0.27,0.05,0.6,0.15,0.76,0.22,0.8
Data Scientist,140415,12,PhD,0.52,0.64,0.38,Medium,0.31,0.59,0.33,0.75,0.62,0.87,0.5,0.33,1.0,0.36
Software Engineer,114116,1,Master's,0.83,1.04,0.51,Medium,0.7,0.86,0.94,0.54,0.15,0.88,0.04,0.81,0.68,0.9
Data Scientist,115380,12,PhD,0.87,0.66,0.67,Medium,0.95,0.87,0.25,0.86,0.5,0.59,0.84,0.03,0.36,0.82
Software Engineer,81179,29,Master's,0.71,0.94,0.37,Medium,0.46,0.61,0.33,0.51,0.13,0.45,0.09,0.05,0.86,0.21
Software Engineer,84232,19,Master's,0.68,1.04,0.62,Medium,0.65,0.88,0.38,0.59,0.87,0.21,0.49,0.96,0.47,0.25
UX Researcher,141038,14,PhD,0.86,1.04,0.42,Medium,0.35,0.34,0.33,0.24,0.61,0.9,0.31,0.19,0.84,0.74
Data Scientist,49517,21,Bachelor's,0.88,0.66,0.33,Medium,0.27,0.61,0.12,0.47,0.63,0.85,0.23,0.82,0.23,0.68
AI Engineer,102868,7,Bachelor's,0.29,1.31,0.17,Low,0.65,0.19,0.53,0.32,0.53,0.78,0.77,0.35,0.69,0.94
UX Researcher,38738,16,High School,0.77,0.76,0.43,Medium,0.31,0.65,0.06,0.49,0.13,0.82,0.38,0.53,0.03,0.06
UX Researcher,142674,24,Bachelor's,0.18,0.54,0.33,Medium,0.66,0.14,0.49,0.15,0.17,0.0,0.32,0.09,0.39,0.6
AI Engineer,53043,0,High School,0.92,1.45,0.17,Low,0.37,0.28,0.5,0.93,0.15,0.42,0.91,0.35,0.77,0.39
Data Scientist,55734,17,PhD,0.1,1.06,0.35,Medium,0.21,0.17,0.07,0.67,0.46,0.83,0.1,0.14,0.31,0.77
Data Scientist,79117,3,PhD,0.01,1.24,0.59,Medium,0.17,0.96,0.22,0.46,0.11,0.6,0.38,0.35,0.83,0.01
UX Researcher,90359,15,Master's,0.68,0.87,0.59,Medium,0.41,0.63,0.77,0.55,0.54,0.09,0.41,0.55,0.46,0.9
Software Engineer,138322,14,PhD,0.43,1.12,0.31,Medium,0.4,0.15,0.54,0.84,0.52,0.04,0.03,0.61,0.33,0.57
UX Researcher,52844,24,Master's,0.71,0.54,0.38,Medium,0.34,0.79,0.79,0.95,0.92,0.08,0.83,0.45,0.87,0.09
Data Scientist,35725,9,Master's,0.47,0.63,0.33,Medium,0.19,0.26,0.28,0.65,0.05,0.08,0.19,0.87,0.63,0.73
Software Engineer,107831,23,Master's,0.06,0.64,0.48,Medium,0.38,0.78,0.16,0.98,0.32,0.43,0.27,0.58,0.06,0.15
Software Engineer,127204,15,Bachelor's,0.03,1.47,0.56,Medium,0.52,0.27,0.66,0.36,0.7,0.68,0.09,0.91,0.49,0.39
Data Scientist,106489,11,High School,0.44,1.22,0.56,Medium,0.17,0.99,0.46,0.39,0.92,0.53,0.71,0.85,0.24,0.17
AI Engineer,93560,21,PhD,0.6,0.72,0.13,Low,0.13,0.25,0.82,0.64,0.95,0.05,0.79,0.7,0.26,0.73
Software Engineer,121703,15,Master's,0.9,0.95,0.46,Medium,0.04,0.36,0.85,0.76,0.22,0.41,0.2,0.95,0.6,0.75
Data Scientist,48050,29,Bachelor's,0.68,1.05,0.57,Medium,0.52,0.69,0.04,0.37,0.21,0.1,0.23,0.19,0.97,0.29
Data Scientist,147511,0,High School,1.0,0.76,0.59,Medium,0.55,0.31,0.16,0.9,0.6,0.82,0.55,0.22,0.34,0.38
Software Engineer,46791,4,Bachelor's,0.01,1.49,0.69,Medium,1.0,0.48,0.96,0.4,0.03,0.22,0.95,0.01,0.55,0.08
UX Researcher,114300,16,Master's,0.09,1.36,0.54,Medium,0.9,0.69,0.97,0.51,0.64,0.58,0.48,0.85,0.64,0.8
UX Researcher,105073,1,Master's,0.28,1.4,0.37,Medium,0.68,0.92,0.54,0.88,0.12,0.49,0.46,0.01,0.44,0.37
UX Researcher,35922,23,Bachelor's,1.0,1.45,0.54,Medium,0.14,0.26,0.36,0.87,0.17,0.22,0.35,0.93,0.5,0.65
UX Researcher,143868,27,Master's,0.06,1.23,0.43,Medium,0.68,0.62,0.5,0.85,0.71,0.89,0.28,0.35,0.62,0.97
Data Scientist,97500,23,Master's,0.26,1.1,0.57,Medium,0.47,0.34,0.62,0.98,0.43,0.39,0.46,0.08,0.55,0.33
Data Scientist,131471,4,Master's,0.98,0.92,0.38,Medium,0.52,0.65,0.32,0.71,0.98,0.9,0.29,0.33,0.37,0.39
Data Scientist,65319,25,High School,0.76,0.87,0.65,Medium,0.93,0.02,0.99,0.71,0.52,0.39,0.52,0.32,0.62,0.09
AI Engineer,62380,2,Master's,0.29,1.12,0.1,Low,0.22,0.07,0.75,0.51,0.24,0.56,0.35,0.84,0.53,0.03
Software Engineer,49098,6,Master's,0.2,0.64,0.43,Medium,0.58,0.6,0.59,0.12,0.6,0.41,0.9,0.91,0.77,0.7
Software Engineer,43950,2,PhD,0.16,1.0,0.67,Medium,0.25,0.83,0.31,0.27,0.9,0.05,0.66,0.04,0.8,0.83
Software Engineer,80262,17,High School,0.33,1.17,0.51,Medium,0.39,0.15,0.02,0.22,0.11,0.79,0.11,0.72,0.39,0.07
AI Engineer,100529,27,Bachelor's,0.58,0.74,0.27,Low,0.05,0.2,0.75,0.71,0.29,0.06,0.86,0.31,0.2,0.52
AI Engineer,93815,3,High School,0.79,0.91,0.22,Low,0.51,0.24,0.8,0.08,0.52,0.21,0.07,0.5,0.5,0.71
Software Engineer,148297,29,Bachelor's,0.77,1.08,0.63,Medium,0.99,0.3,0.12,0.73,0.98,0.12,0.43,0.06,0.78,0.95
Data Scientist,52761,0,Master's,0.89,1.14,0.4,Medium,0.39,0.97,0.86,0.02,0.98,0.37,0.7,0.71,0.91,0.89
UX Researcher,85652,22,Master's,0.53,0.53,0.49,Medium,0.23,0.41,0.86,0.77,0.24,0.98,0.9,0.53,0.53,0.9
Software Engineer,55286,23,PhD,0.28,1.28,0.57,Medium,0.6,0.19,0.22,0.05,0.24,0.35,0.83,0.37,0.75,0.44
AI Engineer,89977,3,Master's,0.27,0.76,0.13,Low,0.84,0.03,0.23,0.9,0.64,0.23,0.22,0.86,0.89,0.26
Software Engineer,67133,19,Bachelor's,0.83,1.27,0.63,Medium,0.52,0.91,0.33,0.16,0.71,0.54,0.85,0.08,0.84,0.29
AI Engineer,66155,9,PhD,0.87,1.25,0.26,Low,0.16,0.69,0.98,0.61,0.17,1.0,0.53,0.84,0.15,0.67
UX Researcher,116070,24,PhD,0.53,0.79,0.35,Medium,0.3,0.35,0.71,0.18,0.11,0.39,0.46,0.63,0.71,0.89
AI Engineer,98500,6,Bachelor's,0.19,1.22,0.14,Low,0.99,0.71,0.37,0.15,0.59,0.29,0.91,0.44,0.29,0.59
UX Researcher,127391,14,Bachelor's,0.18,1.18,0.5,Medium,0.11,0.91,0.67,0.55,0.37,0.13,0.71,0.81,0.13,0.49
AI Engineer,87392,26,Master's,0.85,0.82,0.13,Low,0.53,0.65,0.2,0.91,0.65,0.63,0.9,0.91,0.14,0.15
Software Engineer,142255,29,Master's,0.07,0.67,0.31,Medium,0.34,0.04,0.69,0.82,0.89,0.55,0.95,0.01,0.13,0.29
AI Engineer,128664,25,High School,0.89,1.12,0.15,Low,0.67,0.18,0.46,0.51,0.1,0.03,0.75,0.53,0.33,0.44
AI Engineer,33347,17,Bachelor's,0.38,0.6,0.17,Low,0.65,0.01,0.33,0.39,0.46,0.3,0.67,0.94,0.91,0.66
UX Researcher,105618,1,Master's,0.83,1.34,0.63,Medium,0.16,0.03,0.98,0.96,0.56,0.99,0.77,0.52,0.39,0.59
Software Engineer,135309,5,PhD,0.99,0.99,0.63,Medium,0.81,0.07,0.09,0.66,0.26,0.66,0.14,0.4,0.1,0.28
Data Scientist,95234,4,Bachelor's,0.78,1.28,0.44,Medium,0.88,0.01,0.31,0.34,0.17,0.34,0.59,0.52,0.32,0.75
Data Scientist,127976,9,High School,0.29,1.03,0.64,Medium,0.07,0.08,0.56,0.64,0.21,0.75,0.65,0.92,0.17,0.75
AI Engineer,118816,24,Master's,0.36,1.07,0.11,Low,0.44,0.28,0.12,0.32,0.85,0.38,0.75,0.18,0.42,0.11
Data Scientist,73906,21,PhD,0.62,1.11,0.39,Medium,0.47,0.86,0.17,0.02,0.65,0.05,0.98,0.61,0.47,0.43
UX Researcher,42568,3,PhD,0.75,1.4,0.42,Medium,0.47,0.86,0.78,0.39,0.85,0.05,0.78,0.21,0.29,0.49
Data Scientist,147982,28,Bachelor's,0.52,1.04,0.43,Medium,0.18,0.77,0.4,0.51,0.64,0.91,0.71,0.05,0.84,0.99
Software Engineer,81011,0,PhD,0.97,1.05,0.48,Medium,0.33,0.66,0.23,0.1,0.03,0.29,0.4,0.55,0.29,0.98
Data Scientist,148691,1,PhD,0.44,0.6,0.4,Medium,0.05,0.56,0.75,0.2,0.37,0.02,0.84,0.78,0.06,0.36
UX Researcher,139014,10,PhD,0.39,1.03,0.44,Medium,0.6,0.98,1.0,0.77,0.4,0.49,0.36,0.99,0.71,0.45
Data Scientist,37529,21,Bachelor's,0.81,0.61,0.61,Medium,0.39,0.47,0.17,0.02,0.67,0.59,0.62,0.26,0.24,0.83
AI Engineer,75477,2,PhD,0.05,0.8,0.19,Low,0.62,0.07,0.66,0.53,0.83,0.22,0.2,0.79,0.7,0.79
UX Researcher,101880,10,PhD,0.43,0.69,0.51,Medium,0.03,0.52,0.59,0.36,0.76,0.14,0.88,0.96,0.0,0.84
UX Researcher,37011,4,Master's,0.46,0.74,0.48,Medium,0.95,0.21,0.18,0.24,0.55,0.93,0.57,0.24,0.44,0.39
Software Engineer,109741,18,Bachelor's,0.3,1.36,0.38,Medium,0.0,0.87,0.33,0.41,0.45,0.85,0.34,0.89,0.62,0.53
Software Engineer,82762,8,High School,0.23,1.46,0.5,Medium,0.4,0.84,0.09,0.42,0.38,0.35,0.31,0.21,0.17,0.64
UX Researcher,89199,15,Bachelor's,0.88,1.16,0.43,Medium,0.92,0.88,0.72,0.36,0.79,0.32,0.25,0.52,1.0,0.8
Software Engineer,53983,18,High School,0.33,1.2,0.56,Medium,0.18,0.97,0.35,0.33,0.37,0.09,0.62,0.24,0.8,0.39
Software Engineer,71397,15,High School,0.07,0.98,0.49,Medium,0.31,0.93,0.28,0.29,0.23,0.15,0.36,0.68,0.74,0.81
Data Scientist,42705,27,Bachelor's,0.64,0.59,0.31,Medium,0.05,0.61,0.61,0.5,0.31,0.53,0.52,0.02,0.28,0.05
Software Engineer,107275,19,Master's,0.96,0.52,0.61,Medium,0.97,0.34,0.65,0.56,0.76,0.87,0.6,0.82,0.31,0.23
UX Researcher,65314,24,Master's,0.67,1.28,0.37,Medium,0.3,0.45,0.36,0.98,0.83,0.48,0.88,0.35,0.79,0.22
UX Researcher,121396,16,PhD,0.31,0.88,0.5,Medium,0.02,0.08,0.26,0.55,0.77,0.69,0.57,0.4,0.87,0.46
Data Scientist,89871,29,Master's,0.22,1.16,0.47,Medium,0.06,0.47,0.52,0.85,0.73,0.08,0.21,0.31,0.12,0.46
Software Engineer,76887,18,PhD,0.77,0.77,0.57,Medium,0.35,0.57,0.38,0.3,0.86,0.75,0.35,0.43,0.69,0.81
AI Engineer,94817,12,High School,0.54,1.45,0.24,Low,0.12,0.56,0.41,0.79,0.04,0.41,0.32,0.14,0.38,0.67
Data Scientist,62676,4,PhD,0.16,0.75,0.66,Medium,0.97,0.95,0.19,0.9,0.14,0.51,0.64,0.46,0.95,0.33
Data Scientist,44590,22,High School,0.08,1.35,0.47,Medium,0.7,0.68,0.68,0.51,0.28,0.63,0.96,0.83,0.11,0.02
Software Engineer,68463,5,Bachelor's,0.78,0.81,0.58,Medium,0.93,0.46,0.24,0.92,0.47,0.41,0.35,0.42,0.67,0.43
Software Engineer,52053,16,Bachelor's,0.74,0.7,0.38,Medium,0.7,0.87,0.24,0.19,0.67,0.62,0.45,0.1,0.09,0.78
Software Engineer,104767,24,Bachelor's,0.86,1.07,0.55,Medium,0.93,0.16,0.54,0.06,0.36,0.15,0.19,0.93,0.61,0.89
Software Engineer,65303,20,PhD,0.6,0.53,0.49,Medium,0.56,0.02,0.79,0.3,0.45,0.54,0.99,0.1,0.56,0.53
AI Engineer,80724,18,Bachelor's,0.99,1.07,0.09,Low,0.16,0.76,0.59,0.55,0.47,0.73,0.86,0.3,0.22,0.67
UX Researcher,33687,15,High School,0.64,0.87,0.64,Medium,0.63,0.22,0.34,0.85,0.39,0.54,0.65,0.35,0.29,0.48
UX Researcher,100880,21,Bachelor's,0.24,1.02,0.37,Medium,0.28,0.52,0.74,0.09,0.3,0.93,0.43,0.94,0.99,0.53
Software Engineer,133144,16,Master's,0.66,0.51,0.36,Medium,0.22,0.27,0.15,0.41,0.08,0.75,0.79,0.57,0.09,0.89
Software Engineer,127364,0,Master's,0.7,1.34,0.52,Medium,0.32,0.48,0.51,0.4,0.93,0.74,0.24,0.59,0.69,0.14
UX Researcher,141706,18,Bachelor's,0.67,0.89,0.46,Medium,0.76,0.5,0.73,0.51,0.59,0.76,0.61,0.62,0.79,0.95
UX Researcher,43869,7,High School,0.63,1.27,0.41,Medium,0.74,0.78,0.83,0.31,0.68,0.3,0.74,0.46,0.6,0.42
Software Engineer,54608,4,High School,0.43,0.54,0.36,Medium,0.08,0.59,0.19,0.5,0.37,0.8,0.32,0.46,0.72,0.43
Data Scientist,90302,18,PhD,0.64,0.5,0.4,Medium,0.28,0.09,0.28,0.32,0.97,0.67,0.43,0.99,0.15,0.48
Data Scientist,72412,21,Bachelor's,0.39,1.02,0.48,Medium,0.57,0.73,0.77,0.65,0.2,0.4,0.07,0.45,0.97,0.64
Software Engineer,105069,12,Master's,0.82,0.98,0.6,Medium,0.02,0.93,0.77,0.39,0.38,0.1,0.82,0.77,0.63,0.1
Data Scientist,71918,15,PhD,0.13,1.03,0.57,Medium,0.06,0.07,0.87,0.46,0.46,0.94,0.32,0.9,0.97,0.24
Software Engineer,145131,19,High School,0.64,1.03,0.52,Medium,0.79,0.19,0.98,0.44,0.95,0.38,0.6,0.45,0.68,0.18
Software Engineer,116949,11,High School,0.29,0.98,0.65,Medium,0.04,0.98,0.99,0.6,0.33,0.22,0.28,0.05,0.48,0.06
Data Scientist,88204,14,PhD,0.5,0.84,0.55,Medium,0.84,0.06,0.97,0.1,0.51,0.56,0.14,0.92,0.47,0.14
UX Researcher,96783,20,Bachelor's,0.63,1.16,0.49,Medium,0.16,0.01,0.34,0.75,0.96,0.43,0.37,0.45,0.43,0.63
UX Researcher,97323,19,Bachelor's,0.61,0.84,0.42,Medium,0.21,0.41,0.2,0.96,0.15,0.91,0.43,0.38,0.23,0.64
Software Engineer,67236,10,Master's,0.06,1.19,0.32,Medium,0.74,0.75,0.65,0.73,0.09,0.73,0.14,0.34,0.94,0.5
Data Scientist,73464,27,Master's,0.56,1.1,0.44,Medium,0.37,0.69,0.32,0.56,0.28,0.17,0.45,0.22,0.9,0.3
Software Engineer,76905,12,High School,0.87,0.62,0.67,Medium,0.27,0.53,0.07,0.43,0.13,0.05,0.97,0.73,0.72,0.09
Data Scientist,101341,15,High School,0.85,0.51,0.42,Medium,1.0,0.43,0.89,0.33,0.53,0.85,0.61,0.73,0.23,0.16
Software Engineer,96951,6,Master's,0.08,1.34,0.69,Medium,0.09,0.81,0.86,0.12,0.28,0.73,0.81,0.35,0.16,0.65
Software Engineer,44057,5,High School,0.5,0.64,0.64,Medium,0.65,0.87,0.93,0.81,0.96,0.95,0.62,0.73,0.7,0.62
Data Scientist,63797,24,Bachelor's,0.68,0.79,0.31,Medium,0.2,0.4,0.17,0.19,0.39,0.96,0.76,0.32,0.95,0.65
AI Engineer,136827,15,High School,0.64,1.15,0.07,Low,0.95,0.11,0.56,0.33,0.43,0.61,0.91,0.46,0.99,0.59
AI Engineer,74597,12,High School,0.48,1.17,0.25,Low,0.97,0.63,0.87,0.0,0.53,0.21,0.09,0.53,0.75,0.41
Software Engineer,111299,27,High School,0.16,0.9,0.52,Medium,0.03,0.63,0.4,0.01,0.67,0.71,0.63,0.34,0.53,0.39
UX Researcher,94535,1,High School,0.7,0.71,0.41,Medium,0.57,0.45,0.74,0.38,0.86,0.43,0.04,0.02,0.65,0.54
Software Engineer,55577,7,High School,0.81,1.1,0.69,Medium,0.98,0.35,0.99,0.96,0.64,0.33,0.75,0.27,0.63,0.02
Data Scientist,114705,29,Master's,0.52,1.45,0.56,Medium,0.28,0.53,0.63,0.64,0.59,0.18,0.03,0.34,0.43,0.06
Software Engineer,100412,21,Bachelor's,0.28,0.61,0.57,Medium,0.14,0.67,0.65,0.81,0.14,0.78,1.0,0.85,0.75,0.66
Software Engineer,128757,14,PhD,0.41,0.85,0.34,Medium,0.54,0.3,0.66,0.32,0.43,0.05,0.99,0.51,0.02,0.54
UX Researcher,129584,7,Bachelor's,0.77,1.2,0.36,Medium,0.66,0.77,0.57,0.89,0.28,0.24,0.87,0.63,0.0,0.35
AI Engineer,148283,25,Bachelor's,0.37,1.48,0.08,Low,0.56,0.01,0.71,0.2,0.13,0.34,0.77,0.11,0.23,0.01
Data Scientist,137033,28,Bachelor's,0.88,1.24,0.48,Medium,0.98,0.46,0.11,0.99,0.02,0.55,0.31,0.5,0.56,0.24
AI Engineer,49361,20,Master's,0.68,1.34,0.17,Low,0.83,0.78,0.67,0.45,0.27,0.86,0.65,0.8,0.55,0.17
UX Researcher,37769,22,PhD,0.41,0.96,0.33,Medium,0.27,0.85,0.74,0.56,0.48,0.26,0.47,0.6,0.71,0.17
UX Researcher,52772,29,PhD,0.01,1.03,0.39,Medium,0.32,0.02,0.75,0.95,0.22,0.34,0.21,0.93,0.01,0.58
Software Engineer,107925,19,PhD,0.77,1.0,0.62,Medium,0.26,0.12,0.43,0.94,0.5,0.64,0.62,0.13,0.39,0.71
UX Researcher,82736,21,PhD,0.01,0.72,0.58,Medium,0.77,0.28,0.41,0.04,0.24,0.78,0.61,0.21,0.26,0.82
UX Researcher,146298,6,Bachelor's,0.64,1.04,0.54,Medium,0.68,0.17,0.3,0.74,0.16,0.34,0.67,0.94,0.08,0.52
Software Engineer,112753,1,Master's,0.38,0.67,0.64,Medium,0.33,0.75,0.82,0.77,0.39,0.94,0.66,0.58,0.7,0.04
Software Engineer,81716,26,Master's,0.88,0.66,0.47,Medium,0.41,0.36,0.56,1.0,0.26,0.7,0.76,0.58,0.1,0.57
AI Engineer,46250,19,PhD,0.34,1.14,0.29,Low,0.8,0.69,0.97,0.17,0.77,0.41,0.36,0.52,0.03,0.31
Data Scientist,66742,3,High School,0.6,0.97,0.43,Medium,0.37,0.37,0.97,0.23,0.82,0.71,0.01,0.99,0.76,0.68
UX Researcher,75040,4,Master's,0.5,1.02,0.55,Medium,0.69,0.65,0.59,0.16,0.21,0.26,0.92,0.76,0.55,0.25
UX Researcher,91752,29,PhD,0.05,1.26,0.46,Medium,0.82,0.78,0.63,0.26,0.1,0.25,0.51,0.98,0.06,0.2
AI Engineer,58327,13,Master's,0.74,0.63,0.18,Low,0.56,0.17,0.43,0.65,0.28,0.33,0.12,0.41,0.58,0.12
UX Researcher,105127,14,Bachelor's,0.6,0.52,0.43,Medium,0.06,0.32,0.06,0.17,0.41,0.51,0.22,0.73,0.59,0.69
UX Researcher,124274,26,High School,0.49,0.63,0.67,Medium,0.32,0.19,0.48,0.04,0.25,0.07,0.13,0.11,0.87,0.93
Software Engineer,73162,6,High School,0.74,1.17,0.56,Medium,0.48,0.06,0.95,0.85,0.49,0.16,0.82,0.43,0.39,0.67
AI Engineer,48246,10,High School,0.72,0.99,0.05,Low,0.23,0.71,0.3,0.92,0.71,0.29,0.52,0.67,0.19,0.25
Software Engineer,90475,2,Master's,0.12,1.04,0.59,Medium,0.55,0.95,0.1,0.72,0.82,0.7,0.39,0.39,0.59,0.4
Data Scientist,74380,15,Master's,0.33,0.71,0.41,Medium,0.43,0.18,0.96,0.11,0.99,0.84,0.42,0.74,0.67,0.21
Data Scientist,136974,26,Master's,0.25,0.53,0.68,Medium,0.32,0.71,0.51,0.67,0.11,0.52,0.39,0.45,0.97,0.14
Data Scientist,57154,15,PhD,0.36,0.86,0.42,Medium,0.55,0.13,0.04,0.9,0.93,0.08,0.55,0.54,0.37,0.57
Data Scientist,123335,22,PhD,0.26,0.86,0.5,Medium,0.79,0.17,0.11,0.15,0.22,0.06,0.93,0.32,0.18,0.64
Software Engineer,69819,4,Master's,0.63,0.63,0.39,Medium,0.62,0.02,0.63,0.67,0.24,0.6,0.53,0.26,0.46,0.91
Data Scientist,132567,4,Bachelor's,0.0,1.2,0.52,Medium,0.21,0.23,0.81,0.5,0.7,0.45,0.24,0.97,0.57,0.13
Software Engineer,58498,10,Bachelor's,0.86,1.23,0.45,Medium,0.33,0.48,0.87,0.25,0.1,0.86,0.03,0.91,0.31,0.51
Software Engineer,127095,14,High School,0.77,1.4,0.54,Medium,0.05,0.4,0.07,0.75,0.06,0.19,0.42,0.46,0.41,0.46
AI Engineer,85124,18,Master's,0.37,1.05,0.13,Low,0.35,0.61,0.49,0.72,0.56,0.8,0.44,0.49,0.67,0.22
UX Researcher,127071,20,Master's,0.66,0.81,0.41,Medium,0.81,0.98,0.77,0.52,0.44,0.54,0.46,0.5,0.2,0.9
AI Engineer,109036,1,Master's,0.68,1.45,0.12,Low,0.08,0.83,1.0,0.58,0.06,0.78,0.07,0.54,0.28,0.92
Data Scientist,78229,16,Master's,0.12,1.42,0.57,Medium,0.31,0.79,0.49,0.14,0.88,0.34,0.7,0.29,0.5,0.82
UX Researcher,128747,21,Bachelor's,0.64,0.79,0.4,Medium,0.16,0.14,0.53,0.68,0.45,0.12,0.65,0.56,0.38,0.33
Data Scientist,74329,5,Master's,0.73,1.03,0.47,Medium,0.69,0.04,0.22,0.62,0.85,0.38,0.26,0.52,0.62,0.42
Software Engineer,71476,0,PhD,0.42,1.21,0.3,Low,0.28,0.14,0.13,0.96,0.38,0.53,0.73,0.05,0.24,0.83
Software Engineer,80608,17,High School,0.06,0.56,0.45,Medium,0.19,0.93,0.58,0.29,0.7,0.37,0.13,0.24,0.64,0.05
AI Engineer,92188,24,Master's,0.25,1.08,0.22,Low,0.31,0.69,0.34,0.63,0.63,0.28,0.64,0.38,0.34,0.29
UX Researcher,81638,21,High School,0.63,0.64,0.44,Medium,0.59,0.14,0.85,0.03,0.1,0.12,0.53,0.62,0.4,0.29
Data Scientist,104263,4,High School,0.02,0.97,0.61,Medium,0.86,0.82,0.42,0.73,0.29,0.06,0.68,0.65,0.8,0.62
UX Researcher,118458,27,Bachelor's,0.29,0.6,0.44,Medium,0.3,0.63,0.88,0.45,0.75,0.15,0.89,0.15,0.19,0.11
Data Scientist,149359,0,PhD,0.47,0.68,0.53,Medium,0.41,0.65,0.95,0.53,0.79,0.75,0.92,0.21,0.83,0.91
Data Scientist,117178,4,PhD,0.21,0.89,0.64,Medium,0.22,0.81,0.28,0.03,0.11,0.75,0.26,0.65,0.7,0.35
UX Researcher,45231,0,High School,0.01,1.07,0.55,Medium,0.3,0.73,0.38,0.72,0.14,0.91,0.88,0.15,0.94,0.56
UX Researcher,61917,10,Master's,0.8,0.78,0.41,Medium,0.83,0.15,0.62,0.96,0.84,0.06,0.32,0.14,0.95,0.99
AI Engineer,130901,27,Master's,0.99,0.69,0.21,Low,0.54,0.15,0.17,0.99,0.45,0.13,0.21,0.27,0.51,0.34
Software Engineer,131053,0,Master's,0.42,1.17,0.55,Medium,0.38,0.57,0.21,0.55,0.8,0.76,0.36,0.11,0.8,0.27
AI Engineer,66738,18,High School,0.51,0.78,0.12,Low,0.02,0.69,0.78,0.03,0.59,0.78,0.38,0.43,0.36,0.32
Software Engineer,40037,25,Master's,0.72,0.53,0.34,Medium,0.33,0.07,0.99,0.58,0.49,0.79,0.98,0.96,0.79,0.38
UX Researcher,53519,24,Bachelor's,0.25,1.2,0.67,Medium,0.76,0.08,0.47,0.44,0.34,0.49,0.44,0.01,0.24,0.21
Data Scientist,100363,11,Bachelor's,0.17,0.57,0.38,Medium,0.85,0.8,0.44,0.88,0.23,0.58,0.14,0.83,0.13,0.03
Data Scientist,105650,5,Master's,0.57,1.03,0.61,Medium,0.93,0.33,0.21,0.4,0.44,0.04,0.86,1.0,0.92,0.86
AI Engineer,44466,9,PhD,0.22,1.31,0.26,Low,0.05,0.71,0.06,0.59,0.67,0.37,0.88,0.8,0.93,0.31
UX Researcher,140397,18,PhD,0.8,0.6,0.55,Medium,0.7,0.9,0.22,0.6,0.43,0.38,0.11,0.13,0.84,0.75
Data Scientist,33303,29,Master's,0.75,1.03,0.51,Medium,0.76,0.31,0.09,0.35,0.16,0.97,0.58,0.45,0.91,0.9
AI Engineer,121751,12,Master's,0.23,0.87,0.15,Low,0.96,0.41,0.22,0.63,0.43,0.25,0.72,0.19,0.63,0.43
Data Scientist,101452,2,High School,0.42,1.07,0.69,Medium,0.08,0.46,0.4,0.82,0.9,0.91,0.38,0.3,0.45,0.34
Software Engineer,92520,7,PhD,0.46,0.65,0.48,Medium,0.2,0.39,0.49,0.35,0.94,0.56,0.84,0.76,0.66,0.5
UX Researcher,54559,20,Master's,0.69,1.05,0.44,Medium,0.84,0.86,0.05,0.4,0.03,0.84,0.18,0.67,0.36,0.82
Software Engineer,68433,29,Master's,0.98,1.45,0.64,Medium,0.85,0.66,0.83,0.21,0.39,0.64,0.87,0.66,0.84,0.47
Data Scientist,132076,26,High School,0.67,1.14,0.36,Medium,0.63,0.4,0.46,0.8,0.33,0.15,0.87,0.21,0.29,0.71
Data Scientist,135341,14,High School,0.89,0.85,0.57,Medium,0.12,0.74,0.17,0.69,0.42,0.93,0.46,0.03,0.48,0.8
AI Engineer,122079,12,Bachelor's,0.05,0.56,0.25,Low,0.86,0.6,0.43,0.85,0.73,0.58,0.32,0.2,0.42,0.29
Data Scientist,130296,26,PhD,0.88,1.45,0.53,Medium,0.75,0.51,0.29,0.85,0.6,0.58,0.66,0.86,0.73,0.21
AI Engineer,82990,27,High School,0.1,0.88,0.3,Low,0.57,0.62,0.47,0.66,0.96,0.59,0.07,0.49,0.99,0.39
Software Engineer,69379,26,Bachelor's,0.11,0.64,0.65,Medium,0.3,0.31,0.39,0.97,0.08,0.82,0.34,0.85,0.99,0.35
UX Researcher,111839,29,High School,0.61,1.41,0.44,Medium,0.7,0.06,0.79,0.83,0.4,0.64,0.86,0.88,0.11,0.83
Software Engineer,38871,6,High School,0.8,1.13,0.67,Medium,0.55,0.06,0.4,0.66,0.38,1.0,0.41,0.55,0.23,0.15
AI Engineer,78743,10,Master's,0.59,0.5,0.12,Low,0.64,0.81,0.31,0.65,0.27,0.69,0.7,0.13,0.67,0.33
Data Scientist,117090,27,High School,0.92,1.09,0.61,Medium,0.4,0.99,0.23,0.26,0.05,0.94,0.46,0.67,0.69,0.87
UX Researcher,94310,12,Bachelor's,0.91,0.62,0.37,Medium,0.31,0.56,0.13,0.2,0.9,0.11,0.4,0.76,0.89,0.34
Software Engineer,67470,10,High School,0.09,0.66,0.54,Medium,0.44,0.55,0.88,0.82,0.89,0.62,0.49,0.46,0.74,0.52
UX Researcher,124364,24,High School,0.31,1.34,0.57,Medium,0.85,0.29,0.46,0.82,0.64,0.36,0.51,1.0,0.74,0.61
AI Engineer,30030,0,Master's,0.44,1.45,0.19,Low,0.33,0.09,0.38,0.57,0.7,0.88,0.94,0.1,0.6,0.67
AI Engineer,92086,21,Master's,0.14,0.52,0.27,Low,0.33,0.16,0.17,0.89,0.65,0.96,0.8,0.77,0.5,0.82
UX Researcher,134643,2,Bachelor's,0.83,1.26,0.57,Medium,0.33,0.63,0.51,0.46,0.99,0.5,0.03,0.63,0.73,0.89
Software Engineer,136565,22,Bachelor's,0.02,0.62,0.36,Medium,0.21,0.8,0.31,0.31,0.76,0.41,0.06,0.59,0.13,0.57
UX Researcher,84026,19,Master's,0.76,0.82,0.45,Medium,0.49,0.51,0.21,0.67,0.69,0.14,0.53,0.61,0.19,0.89
AI Engineer,140549,1,Bachelor's,0.87,1.03,0.17,Low,0.72,0.21,0.79,0.43,0.13,0.12,0.16,0.89,0.99,0.36
Software Engineer,74099,6,High School,0.13,1.14,0.62,Medium,0.79,0.72,0.89,0.22,0.11,0.62,0.82,0.58,0.96,0.8
Software Engineer,104892,28,Master's,0.78,0.76,0.41,Medium,0.35,0.3,0.25,0.75,0.03,0.73,0.82,0.07,0.06,0.29
UX Researcher,73280,28,Master's,0.02,1.17,0.54,Medium,0.65,0.22,0.23,0.43,0.1,0.07,0.09,0.57,0.4,0.29
Software Engineer,82445,25,Bachelor's,0.19,0.57,0.56,Medium,0.85,0.95,0.77,0.2,0.98,0.92,0.16,0.56,0.56,0.44
UX Researcher,86152,11,Master's,0.21,1.17,0.61,Medium,0.2,0.82,0.96,0.62,0.78,0.53,0.6,0.01,0.52,0.58
Software Engineer,57762,7,Bachelor's,0.89,0.51,0.61,Medium,0.47,0.52,0.21,0.61,0.54,0.16,0.24,0.07,0.07,0.01
Software Engineer,115847,18,Bachelor's,0.77,1.25,0.56,Medium,1.0,0.46,0.71,0.8,0.38,0.46,0.97,0.03,0.34,0.49
Data Scientist,30645,4,High School,0.9,0.79,0.4,Medium,0.82,0.28,0.66,0.82,0.79,0.78,0.09,0.08,0.31,0.04
Software Engineer,64224,11,High School,0.69,1.23,0.69,Medium,0.23,0.09,0.26,0.12,0.17,0.33,0.41,0.9,0.2,0.97
UX Researcher,95162,25,PhD,0.43,1.05,0.44,Medium,0.79,0.63,0.69,0.23,0.97,0.66,0.2,0.75,0.17,0.06
Data Scientist,123004,16,Bachelor's,0.79,1.12,0.33,Medium,0.84,0.19,0.98,0.38,0.62,0.08,0.34,0.8,0.48,0.9
Software Engineer,47874,25,Bachelor's,0.93,1.48,0.48,Medium,0.57,0.83,0.22,0.86,0.59,0.73,0.08,0.77,0.31,0.81
Software Engineer,149318,17,High School,0.27,1.45,0.61,Medium,0.99,0.36,0.65,0.61,0.69,0.04,0.29,0.91,0.42,0.96
Data Scientist,45890,19,PhD,0.59,0.6,0.43,Medium,0.6,0.01,0.04,0.68,0.89,0.86,0.17,0.91,0.7,0.72
Data Scientist,51946,13,High School,0.74,0.61,0.65,Medium,0.28,0.21,0.61,0.21,0.51,0.41,0.23,0.29,0.43,0.35
UX Researcher,70577,22,Master's,0.41,1.38,0.47,Medium,0.86,0.03,0.49,0.95,0.25,0.27,0.63,0.93,0.2,0.92
Data Scientist,132524,8,High School,0.78,1.41,0.56,Medium,0.48,0.38,0.42,0.85,0.98,0.05,0.58,0.52,0.38,0.85
Data Scientist,70344,14,High School,0.65,0.55,0.42,Medium,0.46,0.27,0.05,0.09,0.8,0.91,0.15,0.25,0.65,0.95
UX Researcher,66443,3,High School,0.53,1.3,0.62,Medium,0.7,0.89,0.2,0.18,0.8,0.32,0.51,0.74,0.4,0.13
Data Scientist,103298,14,Master's,0.14,1.36,0.5,Medium,0.02,0.97,0.97,0.38,0.95,0.14,0.68,0.19,0.25,0.78
AI Engineer,53553,8,Bachelor's,0.67,1.08,0.28,Low,0.63,0.91,0.01,0.89,0.72,0.17,0.26,0.54,0.12,0.79
UX Researcher,78416,13,Bachelor's,0.18,0.96,0.48,Medium,0.87,0.97,0.26,0.07,0.65,0.5,0.57,0.05,0.78,0.23
AI Engineer,57309,7,Bachelor's,0.23,1.45,0.09,Low,0.73,0.25,0.42,1.0,0.1,0.88,0.95,0.7,0.01,0.82
AI Engineer,67542,17,PhD,0.98,1.34,0.16,Low,0.69,0.49,0.35,0.63,0.77,0.64,0.83,0.18,0.37,0.31
Data Scientist,55482,13,High School,0.3,0.77,0.56,Medium,0.39,0.14,0.07,0.79,0.68,0.41,0.9,0.41,0.71,0.91
UX Researcher,43997,29,PhD,0.34,0.63,0.55,Medium,0.58,0.47,0.86,0.27,0.01,0.32,0.01,0.54,0.38,0.81
Data Scientist,135071,26,High School,0.86,0.91,0.49,Medium,0.85,0.09,0.39,0.4,0.5,0.11,0.1,0.42,0.03,0.25
UX Researcher,31113,3,High School,0.62,1.47,0.42,Medium,0.42,0.4,0.92,0.41,0.44,0.25,0.0,0.11,0.7,0.68
UX Researcher,34110,14,Bachelor's,0.65,1.48,0.54,Medium,0.69,0.56,0.78,0.98,0.54,0.42,0.86,0.97,0.13,0.58
Software Engineer,97720,13,Master's,0.27,0.72,0.44,Medium,0.8,0.65,0.79,0.58,0.26,0.23,0.01,0.78,0.85,0.77
AI Engineer,38499,9,Master's,0.47,0.82,0.15,Low,0.71,0.52,0.01,0.92,0.07,0.94,0.03,0.77,0.53,0.51
Software Engineer,135634,0,High School,0.24,1.28,0.66,Medium,0.53,0.35,0.06,0.68,0.28,0.06,0.67,0.49,0.01,0.11
Software Engineer,44903,18,Master's,0.38,0.52,0.3,Low,0.2,0.49,0.46,0.59,0.77,0.38,0.16,0.8,0.33,0.29
UX Researcher,93615,16,High School,0.01,0.98,0.35,Medium,0.18,0.48,0.87,0.84,0.97,0.48,0.55,0.82,0.7,0.18
AI Engineer,81141,10,Bachelor's,0.13,0.67,0.27,Low,0.53,0.71,0.37,0.53,0.98,0.33,0.67,0.17,0.12,0.78
AI Engineer,49546,5,High School,0.22,0.89,0.26,Low,0.15,0.43,0.93,0.5,0.73,0.83,0.2,0.22,0.76,0.75
UX Researcher,73042,28,Master's,0.41,0.58,0.55,Medium,0.1,0.61,0.51,0.49,0.07,0.64,0.43,0.41,0.6,0.61
UX Researcher,126155,9,High School,0.41,0.71,0.58,Medium,0.24,0.94,0.37,0.66,0.35,0.81,0.9,0.79,0.85,0.1
UX Researcher,94558,25,High School,0.16,0.88,0.49,Medium,0.3,0.37,0.08,0.2,0.34,0.8,0.18,0.35,0.06,0.56
UX Researcher,56363,3,Bachelor's,0.47,1.37,0.35,Medium,1.0,0.88,0.39,0.25,0.92,0.12,0.35,0.08,0.95,0.62
Data Scientist,133171,29,Bachelor's,0.65,1.23,0.61,Medium,0.74,0.29,0.69,0.55,0.6,0.0,0.26,0.93,0.29,0.44
AI Engineer,89376,8,PhD,0.18,0.67,0.06,Low,0.99,0.35,0.76,0.06,0.3,0.62,0.52,0.21,0.46,0.11
UX Researcher,55401,21,Bachelor's,0.21,0.5,0.36,Medium,0.59,0.39,0.72,0.67,0.8,0.87,0.82,0.45,0.31,0.5
Software Engineer,41928,7,Bachelor's,0.31,1.04,0.34,Medium,0.23,0.75,0.18,0.14,0.29,0.37,0.33,0.37,0.14,0.17
Software Engineer,44517,3,Bachelor's,0.59,0.71,0.54,Medium,0.67,0.07,0.82,0.86,0.06,0.6,0.59,0.01,0.34,0.97
AI Engineer,93001,25,High School,0.32,1.32,0.09,Low,0.2,0.18,0.09,0.85,0.58,0.26,0.85,0.8,0.1,0.64
Data Scientist,35335,13,High School,0.57,0.58,0.69,Medium,0.94,0.93,0.88,0.66,0.22,0.05,0.1,0.32,0.5,0.99
UX Researcher,61232,15,Master's,0.79,0.69,0.44,Medium,0.39,0.92,0.66,0.04,0.01,0.2,0.32,0.48,0.84,0.31
UX Researcher,57177,0,Master's,0.85,0.65,0.44,Medium,0.56,0.15,0.13,0.66,0.65,0.23,0.23,0.75,0.12,0.92
Software Engineer,144438,4,High School,0.86,1.02,0.5,Medium,0.22,0.59,0.95,0.08,0.75,0.87,0.99,0.33,0.36,0.23
AI Engineer,120150,14,High School,0.76,1.13,0.18,Low,0.34,0.78,0.19,0.04,0.7,0.14,0.9,0.77,0.6,0.31
Software Engineer,103147,13,Master's,0.04,0.7,0.56,Medium,0.4,0.61,0.55,0.44,0.23,0.72,0.91,0.77,0.12,0.54
UX Researcher,115639,9,PhD,0.98,0.51,0.5,Medium,0.5,0.29,0.53,0.67,0.67,0.09,0.8,0.93,0.12,0.42
Software Engineer,76509,27,Master's,0.26,1.08,0.52,Medium,0.27,0.69,0.89,0.04,0.42,0.59,0.59,0.02,0.21,0.06
UX Researcher,120094,25,PhD,0.66,1.07,0.69,Medium,0.2,0.17,0.86,0.29,0.33,0.55,0.38,0.29,0.92,0.13
Data Scientist,41593,25,Bachelor's,0.49,0.7,0.64,Medium,0.0,0.84,0.52,0.92,0.2,0.1,0.62,0.71,0.37,0.01
UX Researcher,69114,24,Master's,0.81,1.4,0.4,Medium,0.76,0.54,0.39,0.79,0.56,0.64,0.06,0.59,0.3,0.49
UX Researcher,125640,2,High School,0.29,0.89,0.5,Medium,0.17,0.39,0.39,0.29,1.0,0.07,0.64,0.17,0.84,0.91
Data Scientist,143089,15,Bachelor's,0.68,0.58,0.47,Medium,0.09,0.6,0.03,0.63,0.67,0.49,0.18,0.1,0.31,0.47
Data Scientist,145632,18,PhD,0.0,1.21,0.59,Medium,0.44,0.34,0.84,0.78,0.98,0.37,0.91,0.09,0.41,0.47
Software Engineer,43830,6,Bachelor's,0.8,1.31,0.47,Medium,0.26,0.12,0.85,0.88,0.27,0.62,0.26,0.23,0.02,0.58
AI Engineer,68690,13,Bachelor's,0.88,0.6,0.16,Low,0.23,0.72,0.97,0.82,0.04,0.32,0.03,0.04,0.08,0.28
AI Engineer,45234,1,Master's,0.4,0.9,0.24,Low,0.14,0.16,0.63,0.57,0.15,0.85,0.33,0.37,0.42,0.32
Data Scientist,40270,19,High School,0.51,0.99,0.62,Medium,0.14,0.65,0.48,0.74,0.03,0.59,0.56,0.84,0.68,0.88
AI Engineer,149245,11,Master's,0.21,1.3,0.16,Low,0.18,0.66,0.6,0.17,0.87,0.85,0.84,0.4,0.82,0.84
UX Researcher,60412,17,Master's,0.11,1.18,0.35,Medium,0.29,0.5,0.68,0.93,0.59,0.67,0.31,0.69,0.44,0.86
UX Researcher,87623,12,High School,0.94,0.72,0.62,Medium,0.27,0.88,0.1,0.18,0.72,0.17,0.16,0.56,0.83,0.27
Data Scientist,52368,8,PhD,0.01,0.76,0.49,Medium,0.69,0.38,0.54,0.52,0.16,0.62,0.44,0.81,0.69,0.11
UX Researcher,68197,23,High School,0.87,0.89,0.62,Medium,0.26,0.66,0.1,0.02,0.1,0.32,0.03,0.63,0.32,0.74
Software Engineer,130231,29,High School,0.31,1.22,0.38,Medium,0.41,0.81,0.61,0.83,0.25,0.75,0.2,0.55,0.43,0.56
UX Researcher,111301,15,High School,0.47,1.13,0.57,Medium,0.62,0.29,0.84,0.55,0.49,0.99,0.28,0.53,0.68,0.13
Software Engineer,77851,13,Master's,0.75,1.26,0.65,Medium,0.95,0.45,0.42,0.46,0.66,0.78,0.87,0.46,0.36,0.98
AI Engineer,114142,21,PhD,0.62,1.35,0.11,Low,0.44,0.62,0.92,0.02,0.21,0.23,0.33,0.28,0.59,0.89
Software Engineer,72353,14,Master's,0.44,1.26,0.37,Medium,0.06,0.84,0.62,0.18,0.81,0.66,0.33,0.38,0.16,0.84
Data Scientist,73489,2,Master's,0.32,0.93,0.34,Medium,1.0,0.76,0.62,0.59,0.5,0.26,0.23,0.55,0.07,0.07
AI Engineer,138569,22,Master's,0.74,1.21,0.07,Low,0.91,0.52,0.9,0.9,0.2,0.38,0.13,0.77,0.5,0.93
AI Engineer,81108,6,Master's,0.48,0.9,0.17,Low,0.94,0.66,0.29,0.17,0.42,0.45,0.6,0.27,0.77,0.1
UX Researcher,35499,27,Master's,0.27,0.64,0.58,Medium,0.82,0.06,0.11,0.09,0.05,0.66,0.59,0.66,0.51,0.82
UX Researcher,97954,20,Master's,0.41,1.47,0.48,Medium,0.93,0.3,0.4,0.4,0.55,0.58,0.25,0.79,0.5,0.01
UX Researcher,89151,8,PhD,0.08,0.86,0.5,Medium,0.43,0.28,0.29,0.63,0.72,0.58,0.98,0.94,0.1,0.26
Data Scientist,100529,26,Bachelor's,0.03,1.09,0.68,Medium,0.68,0.09,0.75,0.38,0.92,0.29,0.47,0.75,0.26,0.18
AI Engineer,68899,11,Bachelor's,0.76,0.7,0.28,Low,0.16,0.8,0.42,0.18,0.94,0.96,0.51,0.47,0.9,0.6
Software Engineer,124752,29,PhD,0.94,1.06,0.3,Low,0.87,0.28,0.5,0.2,0.3,0.69,0.43,0.63,0.82,0.34
Software Engineer,78008,19,Bachelor's,0.78,1.22,0.52,Medium,0.38,0.41,0.43,0.35,0.7,0.13,0.97,0.78,0.3,0.04
AI Engineer,43096,26,PhD,0.63,0.98,0.3,Low,0.39,0.96,0.4,0.68,0.64,0.09,0.74,0.21,0.39,0.78
UX Researcher,50387,18,Master's,0.2,1.13,0.63,Medium,0.36,0.43,0.12,0.15,0.57,0.1,0.2,0.23,0.44,0.05
Software Engineer,67630,25,High School,0.78,1.21,0.41,Medium,0.1,0.0,0.6,0.21,0.01,0.36,0.96,0.69,0.86,0.14
AI Engineer,117133,23,High School,0.09,0.61,0.29,Low,0.95,0.97,0.3,0.19,0.98,0.99,0.08,0.75,0.29,0.91
Software Engineer,96333,15,Master's,0.82,0.54,0.5,Medium,0.4,0.21,0.38,0.98,0.72,0.3,0.61,0.25,0.61,0.9
AI Engineer,127211,12,PhD,0.62,0.54,0.17,Low,0.88,0.71,0.87,0.67,0.04,0.97,0.92,0.13,0.11,0.54
AI Engineer,66497,8,High School,0.15,0.64,0.18,Low,0.75,0.56,0.87,0.32,0.6,0.66,0.28,0.4,0.59,0.02
Software Engineer,91140,6,Master's,0.11,0.55,0.39,Medium,0.5,0.33,0.44,0.08,0.23,0.1,0.23,0.7,0.58,0.33
Data Scientist,125288,8,Master's,0.92,0.93,0.37,Medium,0.79,0.85,0.21,0.71,0.62,0.75,0.79,0.66,0.96,0.86
Data Scientist,136766,3,Master's,0.17,0.88,0.51,Medium,0.1,0.57,0.02,0.89,0.92,0.73,0.47,0.25,0.74,0.93
Data Scientist,73701,25,Master's,0.4,1.19,0.32,Medium,0.89,0.66,0.28,0.66,0.54,0.34,0.03,0.55,0.08,0.81
Data Scientist,107974,6,Bachelor's,0.41,0.72,0.43,Medium,0.88,0.14,0.44,0.31,0.08,0.1,0.78,0.85,0.74,0.54
AI Engineer,147129,29,PhD,0.35,1.07,0.13,Low,0.68,0.51,0.71,0.43,0.88,0.38,0.31,0.56,0.51,0.52
Data Scientist,101060,4,Master's,0.07,0.68,0.41,Medium,0.76,0.44,0.08,0.85,0.99,0.46,0.51,0.08,0.38,0.37
Software Engineer,37361,7,PhD,0.66,1.28,0.35,Medium,0.42,0.19,0.86,0.15,0.44,0.05,0.63,0.48,0.5,0.1
Software Engineer,135636,22,High School,0.9,1.02,0.57,Medium,0.53,0.43,0.6,0.39,0.28,0.71,0.87,0.29,0.71,0.43
AI Engineer,126765,21,Bachelor's,0.03,1.08,0.2,Low,0.79,0.95,0.36,0.44,0.67,0.97,0.89,0.67,0.86,0.09
UX Researcher,113253,10,Master's,0.89,0.78,0.39,Medium,1.0,0.21,0.67,0.95,0.9,0.44,0.64,0.53,0.35,0.14
Software Engineer,107576,7,High School,0.01,1.41,0.5,Medium,0.35,0.82,0.03,0.2,0.16,0.74,0.31,0.77,0.04,0.61
UX Researcher,133970,23,Master's,0.51,0.87,0.48,Medium,0.9,0.18,0.81,0.02,0.92,0.5,0.23,0.0,0.56,0.24
AI Engineer,110381,9,Bachelor's,0.35,0.84,0.26,Low,0.23,0.09,0.6,0.69,0.29,0.6,0.78,0.35,0.53,0.15
UX Researcher,35749,24,High School,0.62,0.68,0.42,Medium,0.64,0.58,0.87,0.79,0.97,0.6,0.7,0.86,0.84,0.72
Software Engineer,138482,23,Bachelor's,0.5,0.9,0.39,Medium,0.83,0.25,0.05,0.56,0.32,0.71,0.08,0.97,0.19,0.36
AI Engineer,90924,11,PhD,0.46,0.84,0.16,Low,0.46,0.14,0.18,0.85,0.16,0.67,0.42,0.97,0.07,0.83
Software Engineer,34383,24,Master's,0.5,0.86,0.35,Medium,0.29,0.98,0.35,0.42,0.01,0.72,0.41,0.1,0.97,0.78
AI Engineer,83568,24,PhD,0.57,1.15,0.09,Low,0.49,0.96,0.84,0.72,0.52,0.39,0.45,0.76,0.55,0.76
UX Researcher,114815,15,PhD,0.95,0.72,0.49,Medium,0.23,0.56,0.91,0.57,0.51,0.75,0.15,0.91,0.58,0.69
AI Engineer,102135,15,Master's,0.45,0.65,0.19,Low,0.98,0.79,0.75,0.64,0.35,0.17,0.22,0.01,0.67,0.81
Software Engineer,147442,16,PhD,0.8,1.22,0.39,Medium,0.0,0.67,0.16,0.96,0.6,0.85,0.81,0.56,0.44,0.5
UX Researcher,131937,24,Bachelor's,0.37,0.7,0.43,Medium,0.64,0.72,0.37,0.15,0.14,0.81,0.65,0.73,0.49,0.46
Data Scientist,33796,5,High School,0.78,1.23,0.32,Medium,0.13,0.94,0.08,0.08,0.84,0.64,0.35,0.17,0.88,0.99
Data Scientist,50377,0,Master's,0.87,1.2,0.42,Medium,0.95,0.88,0.24,0.49,0.07,0.95,0.57,0.25,0.29,0.98
AI Engineer,94127,13,Master's,0.18,0.92,0.23,Low,0.27,0.44,0.93,0.3,0.79,0.16,0.18,0.46,0.23,0.9
Software Engineer,36384,13,PhD,0.45,0.57,0.46,Medium,0.31,0.8,0.17,0.76,0.5,0.08,0.97,0.73,0.26,0.58
Software Engineer,87803,1,High School,0.65,0.92,0.58,Medium,0.75,0.78,0.5,0.79,0.03,0.68,0.24,0.27,0.09,0.19
UX Researcher,82025,10,PhD,0.66,0.98,0.68,Medium,0.61,0.61,0.99,0.09,0.28,0.66,0.32,0.35,0.89,0.58
Data Scientist,65714,11,High School,0.74,0.69,0.63,Medium,0.95,0.24,0.69,0.75,0.31,0.48,0.1,0.17,0.06,0.56
Software Engineer,44775,26,High School,0.6,1.19,0.53,Medium,0.51,0.23,0.24,0.77,0.02,0.78,0.53,0.94,1.0,0.66
Data Scientist,117377,1,Bachelor's,0.93,0.9,0.48,Medium,0.8,0.51,0.12,0.44,0.63,0.72,0.65,0.12,0.3,0.73
Software Engineer,128039,17,PhD,0.8,1.34,0.58,Medium,0.66,0.44,0.64,0.74,0.12,0.26,0.19,0.84,0.68,0.45
Data Scientist,82216,22,Bachelor's,0.49,1.19,0.44,Medium,0.41,0.56,0.29,0.21,0.14,0.35,0.05,0.58,0.18,0.38
Data Scientist,45597,28,Master's,0.28,1.16,0.64,Medium,0.36,0.25,0.26,0.82,0.46,0.72,0.65,0.31,0.21,0.13
Software Engineer,119643,4,PhD,0.08,0.76,0.59,Medium,0.15,0.52,0.25,0.51,0.75,0.27,0.35,0.72,0.55,0.09
Data Scientist,40130,23,PhD,0.95,1.33,0.35,Medium,0.88,0.68,0.33,0.87,0.6,0.85,0.47,0.5,0.29,0.39
UX Researcher,110614,2,Master's,0.14,1.38,0.63,Medium,0.06,0.55,0.3,0.19,0.31,0.82,0.06,0.65,0.91,0.45
AI Engineer,111687,21,High School,0.16,1.17,0.2,Low,0.03,0.06,0.26,0.74,0.13,0.2,0.91,0.55,0.62,0.46
Data Scientist,92778,13,High School,0.99,1.18,0.67,Medium,0.69,0.86,0.61,0.93,0.52,0.74,0.92,0.42,0.03,0.11
AI Engineer,36357,27,Bachelor's,0.06,0.57,0.2,Low,0.25,0.41,0.83,0.2,0.72,0.5,0.9,0.97,0.48,0.58
Software Engineer,133134,3,High School,0.44,1.15,0.43,Medium,0.52,0.29,0.06,0.14,0.29,0.98,0.97,0.83,0.23,0.44
Software Engineer,100655,3,Bachelor's,0.79,1.15,0.41,Medium,0.7,0.29,0.04,0.51,0.49,0.76,0.87,0.35,0.45,0.47
Software Engineer,52901,8,Master's,0.74,1.02,0.67,Medium,0.65,0.21,0.16,0.37,0.35,0.41,0.18,0.98,0.15,0.65
Software Engineer,44410,7,Bachelor's,0.54,1.15,0.51,Medium,0.69,0.49,0.53,0.94,0.39,0.76,0.33,0.33,0.93,0.7
Software Engineer,94314,10,Bachelor's,0.06,0.92,0.38,Medium,0.79,0.58,0.36,0.29,0.56,0.43,0.06,0.67,0.5,0.28
AI Engineer,115317,0,Master's,0.19,1.33,0.1,Low,0.23,0.08,0.16,0.63,0.45,0.79,0.33,0.97,0.05,0.06
UX Researcher,35504,14,Bachelor's,0.12,1.29,0.58,Medium,0.77,0.15,0.91,0.13,0.87,0.35,0.11,0.29,0.18,0.49
AI Engineer,104010,16,Master's,0.35,0.98,0.12,Low,0.63,0.26,0.77,0.51,0.09,0.63,0.57,0.34,0.01,0.2
Data Scientist,68011,25,Master's,0.2,1.08,0.58,Medium,0.86,0.65,0.69,0.61,0.99,0.26,0.27,0.13,0.49,0.1
Software Engineer,54192,5,High School,0.93,0.64,0.58,Medium,0.11,0.35,0.73,0.35,0.31,0.12,0.07,0.12,0.88,0.01
Software Engineer,138614,29,Master's,0.77,1.07,0.59,Medium,0.65,0.46,0.38,0.94,0.97,0.65,0.2,0.45,0.5,0.76
AI Engineer,90486,8,Master's,0.62,0.99,0.05,Low,0.26,0.11,0.66,0.25,0.45,0.35,0.14,0.96,0.93,0.08
Software Engineer,34461,24,Master's,0.54,1.27,0.39,Medium,0.85,0.33,0.19,0.47,0.88,0.07,0.33,0.65,0.36,0.07
Software Engineer,95056,9,Bachelor's,0.88,1.31,0.69,Medium,0.62,0.26,0.03,0.22,0.68,0.93,0.32,0.88,0.39,0.31
UX Researcher,81380,26,High School,0.42,1.31,0.53,Medium,0.42,0.52,0.23,0.2,0.99,0.97,0.42,0.52,0.83,0.73
Data Scientist,125798,4,Bachelor's,0.31,0.81,0.4,Medium,0.24,0.03,0.96,0.6,0.11,0.59,0.23,0.31,0.8,0.89
Data Scientist,43669,12,Bachelor's,0.9,1.07,0.61,Medium,0.91,0.24,0.58,0.48,0.77,0.38,0.71,0.4,0.11,0.11
Software Engineer,50852,24,PhD,0.65,0.67,0.31,Medium,0.91,0.3,0.47,0.09,0.38,0.42,0.9,0.87,0.19,0.56
Software Engineer,69537,25,Master's,0.96,0.87,0.4,Medium,0.96,0.8,0.66,0.61,0.36,0.64,0.73,0.03,0.12,0.32
Software Engineer,39597,29,Master's,0.53,1.13,0.45,Medium,0.2,0.9,0.14,0.3,0.76,0.61,0.73,0.81,0.9,0.3
UX Researcher,81358,29,Bachelor's,0.53,0.73,0.35,Medium,0.57,0.93,0.14,0.7,0.44,0.29,0.85,0.46,0.58,0.44
UX Researcher,145156,27,Bachelor's,0.15,0.54,0.47,Medium,0.23,0.42,0.33,0.54,0.72,0.48,0.06,0.02,0.21,0.42
AI Engineer,88717,7,Master's,0.33,1.39,0.07,Low,0.95,0.86,0.83,0.86,0.08,0.15,0.13,0.11,0.33,0.83
UX Researcher,83207,3,Master's,0.51,0.62,0.46,Medium,0.85,0.14,0.92,0.67,0.42,0.55,0.15,0.22,0.29,0.38
Data Scientist,136030,16,Bachelor's,0.68,1.38,0.59,Medium,0.95,0.89,0.86,0.39,0.39,0.74,0.08,0.32,0.93,0.45
Software Engineer,58797,18,Master's,0.83,0.64,0.44,Medium,0.01,0.44,0.35,0.72,0.72,0.04,0.12,0.9,0.79,0.39
AI Engineer,129508,7,High School,0.26,1.16,0.29,Low,0.62,0.03,0.65,0.94,0.36,0.93,0.67,0.19,0.15,0.18
UX Researcher,136165,26,PhD,0.15,0.62,0.64,Medium,0.65,0.95,0.17,0.46,0.74,0.21,0.68,0.47,0.43,0.64
AI Engineer,126681,18,High School,0.32,0.96,0.21,Low,0.51,0.63,0.89,0.17,0.12,0.5,0.98,0.06,0.99,0.97
AI Engineer,113092,23,High School,0.41,1.01,0.26,Low,0.66,0.46,0.95,0.21,0.29,0.91,0.85,0.13,0.93,0.01
UX Researcher,39106,22,PhD,0.44,1.45,0.31,Medium,0.98,0.82,0.35,0.6,0.86,0.48,0.05,0.9,0.52,0.55
Software Engineer,87487,3,PhD,0.68,1.12,0.34,Medium,0.67,0.45,0.71,0.84,0.04,0.65,0.1,0.38,0.01,0.33
Software Engineer,106733,4,High School,0.21,0.6,0.41,Medium,1.0,0.4,0.86,0.55,0.67,0.16,0.27,0.51,0.88,0.04
AI Engineer,128725,7,Master's,0.05,0.96,0.21,Low,0.74,0.14,0.17,0.47,1.0,0.36,0.43,0.43,0.08,0.77
Software Engineer,112669,29,High School,0.64,0.63,0.31,Medium,0.43,0.16,0.55,0.45,0.12,0.67,0.02,0.13,0.7,0.53
UX Researcher,36210,4,High School,0.6,1.04,0.54,Medium,0.66,0.97,0.75,0.18,0.47,0.68,0.18,0.93,0.08,0.61
Software Engineer,95109,4,High School,0.06,1.16,0.61,Medium,0.07,0.77,0.64,0.12,0.54,0.11,0.32,0.8,0.1,0.46
UX Researcher,84566,25,Bachelor's,0.68,1.04,0.31,Medium,0.67,0.62,0.08,0.75,0.52,0.2,0.56,0.6,0.92,0.74
UX Researcher,89930,19,Bachelor's,0.12,1.35,0.64,Medium,0.18,0.06,0.71,0.72,0.18,0.67,0.28,0.26,0.32,0.52
UX Researcher,84887,26,Bachelor's,0.32,0.92,0.67,Medium,0.71,0.33,0.18,0.62,0.66,0.48,0.21,0.03,0.27,0.46
Data Scientist,74181,21,Master's,0.76,0.52,0.45,Medium,0.01,0.04,0.48,0.36,0.56,0.07,0.59,0.07,0.42,0.35
Data Scientist,72734,1,PhD,0.31,0.5,0.43,Medium,0.08,0.92,0.07,0.95,0.49,0.51,0.79,0.7,0.24,0.03
UX Researcher,59319,26,Master's,0.13,1.1,0.68,Medium,0.55,0.29,0.18,0.03,0.62,0.56,0.46,0.19,0.24,0.96
Software Engineer,120236,7,Master's,0.89,0.83,0.55,Medium,0.33,0.79,0.47,0.34,0.42,0.09,0.87,0.96,0.48,0.22
Data Scientist,89550,7,Bachelor's,0.45,0.75,0.32,Medium,0.89,0.8,0.83,0.44,0.75,0.58,0.37,0.84,1.0,0.9
UX Researcher,72408,29,Bachelor's,0.21,0.99,0.33,Medium,0.56,0.5,0.41,0.04,0.88,0.8,0.63,0.57,0.69,0.14
AI Engineer,126747,12,Bachelor's,0.11,1.32,0.12,Low,0.77,0.81,0.89,0.75,0.56,0.6,0.32,0.18,0.13,0.18
Data Scientist,34970,6,Bachelor's,0.91,0.99,0.67,Medium,0.74,0.99,0.87,0.41,0.76,0.47,0.23,0.24,0.4,0.11
Data Scientist,123686,7,Bachelor's,0.85,0.9,0.7,Medium,0.85,0.97,0.87,0.78,0.94,0.42,0.78,0.21,0.73,0.79
AI Engineer,78448,25,High School,0.27,0.58,0.28,Low,0.3,0.11,0.68,0.22,0.48,0.05,0.99,0.45,1.0,0.39
UX Researcher,44363,29,PhD,0.65,0.74,0.35,Medium,0.23,0.48,0.05,0.88,0.56,0.29,0.69,0.8,0.61,0.2
Data Scientist,61325,23,Master's,0.64,0.94,0.39,Medium,0.28,0.62,0.73,0.21,0.96,0.01,0.7,0.29,0.48,0.57
